TEAM,DATE,MATCHUP,W/L,MIN,PTS,FGM,FGA,FG%,3PM,3PA,3P%,FTM,FTA,FT%,OREB,DREB,REB,AST,STL,BLK,TOV,PF,+/-
"
DET

",12/26/2017,DET vs. IND,W,240,107,41,82,50.0,12,34,35.3,13,16,81.3,10,36,46,26,5,1,10,17,24
"
DET

",12/22/2017,DET vs. NYK,W,240,104,38,88,43.2,10,25,40.0,18,25,72.0,15,29,44,19,8,5,11,11,3
"
DET

",12/20/2017,DET @ DAL,L,239,93,33,77,42.9,7,24,29.2,20,22,90.9,6,32,38,19,4,2,12,19,-17
"
DET

",12/17/2017,DET vs. ORL,W,240,114,42,89,47.2,17,34,50.0,13,16,81.3,7,32,39,27,11,3,13,17,4
"
DET

",12/15/2017,DET @ IND,W,240,104,39,93,41.9,13,32,40.6,13,17,76.5,11,33,44,22,7,10,9,21,6
"
DET

",12/14/2017,DET @ ATL,W,240,105,41,90,45.6,13,30,43.3,10,12,83.3,14,32,46,26,10,3,15,23,15
"
DET

",12/12/2017,DET vs. DEN,L,239,84,28,79,35.4,9,25,36.0,19,22,86.4,11,29,40,17,7,2,20,16,-19
"
DET

",12/10/2017,DET vs. BOS,L,240,81,28,84,33.3,10,33,30.3,15,19,78.9,11,35,46,14,7,4,9,16,-10
"
DET

",12/08/2017,DET vs. GSW,L,239,98,38,92,41.3,12,27,44.4,10,19,52.6,15,34,49,20,8,2,11,17,-4
"
DET

",12/06/2017,DET @ MIL,L,240,100,36,87,41.4,10,30,33.3,18,27,66.7,17,29,46,20,5,0,11,20,-4
"
DET

",12/04/2017,DET @ SAS,L,240,93,35,85,41.2,8,27,29.6,15,24,62.5,7,35,42,15,8,2,10,22,-3
"
DET

",12/02/2017,DET @ PHI,L,241,103,34,78,43.6,9,31,29.0,26,32,81.3,7,29,36,20,8,2,16,27,-5
"
DET

",12/01/2017,DET @ WAS,L,239,91,35,79,44.3,9,30,30.0,12,19,63.2,4,28,32,20,7,5,15,21,-18
"
DET

",11/29/2017,DET vs. PHX,W,240,131,51,89,57.3,13,28,46.4,16,21,76.2,5,39,44,31,11,6,19,22,24
"
DET

",11/27/2017,DET @ BOS,W,241,118,44,85,51.8,11,25,44.0,19,23,82.6,8,32,40,26,8,2,8,19,10
"
DET

",11/24/2017,DET @ OKC,W,240,99,39,84,46.4,14,37,37.8,7,9,77.8,8,35,43,22,6,5,20,17,1
"
DET

",11/20/2017,DET vs. CLE,L,240,88,34,77,44.2,13,30,43.3,7,13,53.8,7,27,34,23,7,2,14,19,-28
"
DET

",11/19/2017,DET @ MIN,W,240,100,39,83,47.0,8,25,32.0,14,20,70.0,11,26,37,25,10,2,19,21,3
"
DET

",11/17/2017,DET @ IND,L,241,100,39,93,41.9,14,33,42.4,8,10,80.0,11,32,43,20,4,8,11,18,-7
"
DET

",11/15/2017,DET @ MIL,L,240,95,30,85,35.3,15,37,40.5,20,23,87.0,17,28,45,23,7,3,16,20,-4
"
DET

",11/12/2017,DET vs. MIA,W,241,112,42,87,48.3,14,28,50.0,14,20,70.0,11,43,54,24,2,5,13,17,9
"
DET

",11/10/2017,DET vs. ATL,W,240,111,39,89,43.8,12,30,40.0,21,27,77.8,20,31,51,23,7,5,17,18,7
"
DET

",11/08/2017,DET vs. IND,W,241,114,43,83,51.8,12,27,44.4,16,25,64.0,8,42,50,25,3,5,15,22,17
"
DET

",11/04/2017,DET vs. SAC,W,240,108,40,79,50.6,13,24,54.2,15,22,68.2,8,27,35,28,10,3,15,19,9
"
DET

",11/03/2017,DET vs. MIL,W,240,105,37,78,47.4,8,26,30.8,23,28,82.1,7,32,39,21,10,4,12,11,9
"
DET

",10/31/2017,DET @ LAL,L,239,93,41,94,43.6,10,33,30.3,1,3,33.3,10,34,44,21,7,3,13,11,-20
"
DET

",10/29/2017,DET @ GSW,W,240,115,43,93,46.2,12,27,44.4,17,17,100.0,17,20,37,22,16,0,13,9,8
"
DET

",10/28/2017,DET @ LAC,W,241,95,36,88,40.9,9,28,32.1,14,21,66.7,12,38,50,16,11,6,12,20,-0.6
"
DET

",10/25/2017,DET vs. MIN,W,242,122,48,92,52.2,15,34,44.1,11,17,64.7,12,35,47,32,7,3,15,22,21
"
DET

",10/23/2017,DET vs. PHI,L,241,86,33,85,38.8,6,30,20.0,14,19,73.7,9,30,39,14,5,2,14,21,-11.2
"
DET

",10/21/2017,DET @ NYK,W,239,111,44,91,48.4,9,30,30.0,14,15,93.3,15,28,43,21,5,2,12,25,2
"
DET

",10/20/2017,DET @ WAS,L,240,111,43,87,49.4,10,23,43.5,15,20,75.0,10,23,33,19,12,1,19,32,-4
"
DET

",10/18/2017,DET vs. CHA,W,239,102,41,96,42.7,9,26,34.6,11,12,91.7,9,38,47,24,14,3,8,21,12
"
DET

",10/13/2017,DET @ MIL,L,240,103,38,91,41.8,9,23,39.1,18,25,72.0,19,31,50,24,6,2,15,16,-4
"
DET

",10/10/2017,DET @ TOR,L,238,94,37,84,44.0,5,17,29.4,15,17,88.2,7,27,34,19,8,3,13,21,-22
"
DET

",10/09/2017,DET vs. IND,W,240,107,43,87,49.4,10,26,38.5,11,17,64.7,10,27,37,28,8,3,7,14,10
"
DET

",10/06/2017,DET vs. ATL,W,240,109,45,92,48.9,11,25,44.0,8,11,72.7,14,43,57,26,6,3,12,15,22
"
DET

",10/04/2017,DET vs. CHA,L,240,104,39,83,47.0,8,28,28.6,18,26,69.2,7,41,48,21,7,4,19,27,-5
"
DET

",04/12/2017,DET @ ORL,L,241,109,41,106,38.7,11,36,30.6,16,28,57.1,17,36,53,20,6,3,8,15,-4
"
DET

",04/10/2017,DET vs. WAS,L,240,101,43,94,45.7,10,26,38.5,5,5,100.0,6,30,36,22,9,2,10,18,-4
"
DET

",04/09/2017,DET @ MEM,W,240,103,39,82,47.6,14,28,50.0,11,16,68.8,15,31,46,21,8,2,18,12,13
"
DET

",04/07/2017,DET @ HOU,W,240,114,46,108,42.6,9,26,34.6,13,16,81.3,18,37,55,27,5,1,6,17,5
"
DET

",04/05/2017,DET vs. TOR,L,240,102,42,81,51.9,7,21,33.3,11,18,61.1,12,33,45,22,5,4,14,21,-3
"
DET

",03/31/2017,DET @ MIL,L,264,105,44,97,45.4,7,30,23.3,10,16,62.5,13,41,54,25,8,4,12,27,-3
"
DET

",03/30/2017,DET vs. BKN,W,241,90,36,86,41.9,7,18,38.9,11,17,64.7,11,42,53,20,6,7,16,11,1
"
DET

",03/28/2017,DET vs. MIA,L,241,96,36,85,42.4,8,27,29.6,16,21,76.2,16,35,51,20,7,5,12,23,-1
"
DET

",03/27/2017,DET @ NYK,L,240,95,36,84,42.9,9,23,39.1,14,21,66.7,12,30,42,18,4,3,18,16,-14
"
DET

",03/24/2017,DET @ ORL,L,241,87,34,96,35.4,2,22,9.1,17,20,85.0,12,38,50,21,3,3,8,17,-28
"
DET

",03/22/2017,DET @ CHI,L,240,95,39,88,44.3,7,20,35.0,10,17,58.8,16,28,44,18,6,1,15,17,-22
"
DET

",03/21/2017,DET @ BKN,L,240,96,40,92,43.5,5,23,21.7,11,16,68.8,10,41,51,17,8,8,6,17,-2
"
DET

",03/19/2017,DET vs. PHX,W,240,112,40,92,43.5,12,25,48.0,20,30,66.7,12,51,63,26,2,4,12,21,17
"
DET

",03/17/2017,DET vs. TOR,L,240,75,29,83,34.9,3,20,15.0,14,21,66.7,12,37,49,14,5,5,12,17,-12
"
DET

",03/15/2017,DET vs. UTA,L,239,83,36,86,41.9,3,13,23.1,8,12,66.7,8,31,39,14,6,4,7,18,-14
"
DET

",03/14/2017,DET @ CLE,L,240,96,37,99,37.4,4,19,21.1,18,19,94.7,16,29,45,20,6,1,8,19,-32
"
DET

",03/11/2017,DET vs. NYK,W,241,112,46,96,47.9,9,27,33.3,11,19,57.9,14,37,51,27,14,6,7,15,20
"
DET

",03/09/2017,DET vs. CLE,W,240,106,41,88,46.6,9,26,34.6,15,19,78.9,11,34,45,22,6,1,7,15,5
"
DET

",03/08/2017,DET @ IND,L,240,98,39,89,43.8,7,26,26.9,13,22,59.1,11,34,45,20,4,4,10,18,-17
"
DET

",03/06/2017,DET vs. CHI,W,240,109,45,92,48.9,6,21,28.6,13,20,65.0,10,38,48,26,7,3,6,19,14
"
DET

",03/04/2017,DET @ PHI,W,240,136,54,95,56.8,10,23,43.5,18,21,85.7,10,34,44,26,11,10,7,9,30
"
DET

",03/01/2017,DET @ NOP,L,239,86,40,103,38.8,3,23,13.0,3,17,17.6,23,27,50,13,11,3,7,17,-23
"
DET

",02/28/2017,DET vs. POR,W,266,120,45,104,43.3,7,25,28.0,23,31,74.2,16,32,48,23,13,2,7,19,7
"
DET

",02/26/2017,DET vs. BOS,L,240,98,35,81,43.2,12,33,36.4,16,35,45.7,11,34,45,22,8,4,17,24,-6
"
DET

",02/23/2017,DET vs. CHA,W,266,114,44,107,41.1,15,37,40.5,11,12,91.7,10,47,57,29,5,2,8,17,6
"
DET

",02/15/2017,DET vs. DAL,W,366,98,36,82,43.9,6,19,31.6,20,22,90.9,9,46,55,15,2,4,15,16,7
"
DET

",02/13/2017,DET @ MIL,L,240,89,34,78,43.6,7,21,33.3,14,19,73.7,12,32,44,17,4,1,17,18,-13
"
DET

",02/12/2017,DET @ TOR,W,241,102,36,84,42.9,8,31,25.8,22,29,75.9,11,30,41,12,8,5,7,18,1
"
DET

",02/10/2017,DET vs. SAS,L,240,92,39,92,42.4,5,17,29.4,9,13,69.2,7,28,35,22,8,3,10,15,-11
"
DET

",02/08/2017,DET vs. LAL,W,239,121,51,97,52.6,4,16,25.0,15,24,62.5,14,38,52,32,11,6,14,14,19
"
DET

",02/06/2017,DET vs. PHI,W,241,113,46,99,46.5,5,22,22.7,16,17,94.1,19,41,60,22,8,4,12,19,17
"
DET

",02/04/2017,DET @ IND,L,240,84,31,75,41.3,6,17,35.3,16,20,80.0,8,35,43,18,2,6,21,13,-21
"
DET

",02/03/2017,DET vs. MIN,W,241,116,44,98,44.9,11,26,42.3,17,22,77.3,18,31,49,24,7,4,10,14,8
"
DET

",02/01/2017,DET vs. NOP,W,241,118,48,88,54.5,10,26,38.5,12,17,70.6,5,37,42,28,9,0,10,13,20
"
DET

",01/30/2017,DET @ BOS,L,240,109,43,97,44.3,3,27,11.1,20,29,69.0,12,39,51,18,6,7,7,23,-4
"
DET

",01/28/2017,DET @ MIA,L,240,103,46,89,51.7,4,12,33.3,7,12,58.3,13,29,42,11,6,3,12,16,-13
"
DET

",01/23/2017,DET vs. SAC,L,241,104,41,82,50.0,10,28,35.7,12,17,70.6,6,32,38,27,8,1,15,21,-5
"
DET

",01/21/2017,DET vs. WAS,W,241,113,43,87,49.4,11,28,39.3,16,22,72.7,13,36,49,25,9,4,20,27,1
"
DET

",01/18/2017,DET vs. ATL,W,239,118,45,91,49.5,10,25,40.0,18,28,64.3,18,42,60,27,6,0,12,29,23
"
DET

",01/15/2017,DET @ LAL,W,240,102,41,95,43.2,9,25,36.0,11,16,68.8,10,36,46,24,6,6,7,22,5
"
DET

",01/13/2017,DET @ UTA,L,240,77,30,76,39.5,6,17,35.3,11,16,68.8,3,32,35,15,5,4,13,16,-33
"
DET

",01/12/2017,DET @ GSW,L,241,107,43,88,48.9,6,28,21.4,15,20,75.0,9,31,40,20,10,4,19,19,-20
"
DET

",01/10/2017,DET @ SAC,L,240,94,36,82,43.9,12,27,44.4,10,16,62.5,8,27,35,14,12,9,12,24,-6
"
DET

",01/08/2017,DET @ POR,W,289,125,54,105,51.4,8,25,32.0,9,12,75.0,6,35,41,19,14,3,9,16,1
"
DET

",01/05/2017,DET vs. CHA,W,240,115,39,97,40.2,10,28,35.7,27,32,84.4,16,40,56,24,2,6,7,23,1
"
DET

",01/03/2017,DET vs. IND,L,240,116,48,97,49.5,10,29,34.5,10,12,83.3,16,26,42,31,5,5,10,19,-5
"
DET

",01/01/2017,DET @ MIA,W,240,107,42,86,48.8,9,22,40.9,14,22,63.6,10,38,48,16,7,5,12,18,9
"
DET

",12/30/2016,DET @ ATL,L,240,98,35,84,41.7,9,31,29.0,19,21,90.5,14,29,43,22,9,7,18,24,-7
"
DET

",12/28/2016,DET vs. MIL,L,240,94,39,88,44.3,6,24,25.0,10,16,62.5,11,33,44,28,4,1,10,12,-25
"
DET

",12/26/2016,DET vs. CLE,W,238,106,41,92,44.6,16,28,57.1,8,15,53.3,10,35,45,25,12,4,12,19,16
"
DET

",12/23/2016,DET vs. GSW,L,239,113,43,85,50.6,10,29,34.5,17,28,60.7,5,31,36,22,12,3,13,22,-6
"
DET

",12/21/2016,DET vs. MEM,L,240,86,26,72,36.1,6,23,26.1,28,37,75.7,10,36,46,17,2,3,17,18,-12
"
DET

",12/19/2016,DET @ CHI,L,240,82,34,83,41.0,3,23,13.0,11,13,84.6,10,22,32,19,8,3,11,8,-31
"
DET

",12/17/2016,DET vs. IND,L,239,90,32,84,38.1,10,30,33.3,16,22,72.7,10,30,40,22,6,1,8,18,-15
"
DET

",12/16/2016,DET @ WAS,L,240,108,42,86,48.8,10,28,35.7,14,21,66.7,10,30,40,22,3,1,9,19,-14
"
DET

",12/14/2016,DET @ DAL,W,241,95,36,71,50.7,5,17,29.4,18,22,81.8,10,40,50,18,4,2,19,19,10
"
DET

",12/11/2016,DET vs. PHI,L,239,79,32,82,39.0,5,19,26.3,10,14,71.4,10,24,34,15,15,2,15,18,-18
"
DET

",12/09/2016,DET @ MIN,W,240,117,42,84,50.0,14,29,48.3,19,23,82.6,11,31,42,23,6,1,7,23,27
"
DET

",12/07/2016,DET @ CHA,L,240,77,34,89,38.2,4,27,14.8,5,8,62.5,7,50,57,21,3,8,12,18,-10
"
DET

",12/06/2016,DET vs. CHI,W,239,102,40,88,45.5,8,21,38.1,14,21,66.7,9,35,44,24,10,5,9,23,11
"
DET

",12/04/2016,DET vs. ORL,L,240,92,38,86,44.2,10,27,37.0,6,13,46.2,10,34,44,16,8,3,12,12,-6
"
DET

",12/02/2016,DET @ ATL,W,241,121,48,89,53.9,17,29,58.6,8,12,66.7,11,43,54,28,4,3,15,15,36
"
DET

",11/30/2016,DET @ BOS,W,240,121,48,87,55.2,9,20,45.0,16,21,76.2,13,39,52,28,4,8,11,19,7
"
DET

",11/29/2016,DET @ CHA,W,240,112,45,92,48.9,12,28,42.9,10,11,90.9,9,35,44,21,7,4,11,19,23
"
DET

",11/26/2016,DET @ OKC,L,240,88,37,82,45.1,1,19,5.3,13,17,76.5,6,26,32,11,7,1,8,20,-18
"
DET

",11/25/2016,DET vs. LAC,W,239,108,47,90,52.2,9,19,47.4,5,7,71.4,9,33,42,26,7,0,10,22,11
"
DET

",11/23/2016,DET vs. MIA,W,238,107,40,81,49.4,6,19,31.6,21,25,84.0,10,39,49,22,8,7,13,19,23
"
DET

",11/21/2016,DET vs. HOU,L,239,96,36,87,41.4,7,17,41.2,17,24,70.8,12,27,39,19,7,3,14,20,-3
"
DET

",11/19/2016,DET vs. BOS,L,240,92,37,86,43.0,7,20,35.0,11,16,68.8,11,39,50,22,5,4,5,13,-2
"
DET

",11/18/2016,DET @ CLE,L,239,81,29,93,31.2,6,19,31.6,17,20,85.0,11,33,44,23,5,4,7,15,-23
"
DET

",11/16/2016,DET @ NYK,L,240,102,42,85,49.4,8,23,34.8,10,12,83.3,8,32,40,19,6,1,10,14,-3
"
DET

",11/14/2016,DET vs. OKC,W,240,104,43,92,46.7,5,16,31.3,13,16,81.3,4,43,47,25,4,9,9,14,16
"
DET

",11/12/2016,DET @ DEN,W,239,106,46,90,51.1,4,18,22.2,10,14,71.4,11,26,37,23,11,1,9,16,11
"
DET

",11/11/2016,DET @ SAS,L,241,86,32,76,42.1,5,25,20.0,17,21,81.0,9,33,42,14,2,4,11,14,-10
"
DET

",11/09/2016,DET @ PHX,L,240,100,32,89,36.0,9,22,40.9,27,32,84.4,9,32,41,20,11,5,11,24,-7
"
DET

",11/07/2016,DET @ LAC,L,241,82,30,82,36.6,4,12,33.3,18,26,69.2,11,28,39,14,5,2,11,19,-32
"
DET

",11/05/2016,DET vs. DEN,W,239,103,40,84,47.6,7,20,35.0,16,22,72.7,9,38,47,22,9,9,13,16,17
"
DET

",11/02/2016,DET @ BKN,L,241,101,37,88,42.0,9,25,36.0,18,21,85.7,10,28,38,21,11,6,13,18,-8
"
DET

",11/01/2016,DET vs. NYK,W,241,102,41,89,46.1,8,13,61.5,12,21,57.1,10,38,48,19,7,5,10,16,13
"
DET

",10/30/2016,DET vs. MIL,W,240,98,39,88,44.3,5,20,25.0,15,20,75.0,16,42,58,23,8,4,15,14,15
"
DET

",10/28/2016,DET vs. ORL,W,239,108,48,95,50.5,7,19,36.8,5,6,83.3,9,44,53,27,8,4,12,11,26
"
DET

",10/26/2016,DET @ TOR,L,240,91,35,84,41.7,4,22,18.2,17,22,77.3,8,32,40,17,8,0,13,24,-18
"
DET

",10/19/2016,DET vs. TOR,L,239,92,35,77,45.5,5,23,21.7,17,20,85.0,4,33,37,20,3,5,13,20,-11
"
DET

",10/17/2016,DET vs. MIL,W,240,102,37,76,48.7,13,27,48.1,15,18,83.3,9,40,49,23,8,3,14,17,24
"
DET

",10/15/2016,DET @ PHI,W,241,97,36,77,46.8,9,21,42.9,16,26,61.5,12,32,44,21,14,2,16,22,21
"
DET

",10/13/2016,DET @ ATL,W,240,99,34,80,42.5,4,16,25.0,27,33,81.8,11,34,45,22,7,4,19,20,5
"
DET

",10/10/2016,DET vs. SAS,L,241,81,35,86,40.7,4,20,20.0,7,13,53.8,8,32,40,20,10,3,14,17,-5
"
DET

",10/06/2016,DET @ BKN,L,239,94,39,89,43.8,5,22,22.7,11,15,73.3,17,35,52,21,7,3,23,21,-7
"
DET

",04/24/2016,DET vs. CLE,L,240,98,37,76,48.7,10,24,41.7,14,21,66.7,7,35,42,22,3,4,9,18,-2
"
DET

",04/22/2016,DET vs. CLE,L,240,91,36,74,48.6,6,23,26.1,13,19,68.4,5,27,32,22,7,3,7,19,-10
"
DET

",04/20/2016,DET @ CLE,L,240,90,34,78,43.6,4,17,23.5,18,32,56.3,11,29,40,19,7,4,12,18,-17
"
DET

",04/17/2016,DET @ CLE,L,240,101,37,73,50.7,15,29,51.7,12,16,75.0,5,32,37,24,4,2,10,21,-5
"
DET

",04/13/2016,DET @ CLE,W,266,112,37,85,43.5,16,33,48.5,22,28,78.6,9,38,47,24,5,11,12,15,2
"
DET

",04/12/2016,DET vs. MIA,L,240,93,34,84,40.5,5,18,27.8,20,30,66.7,18,30,48,15,9,4,15,17,-6
"
DET

",04/08/2016,DET vs. WAS,W,239,112,36,77,46.8,14,32,43.8,26,29,89.7,7,37,44,17,5,2,12,18,13
"
DET

",04/06/2016,DET @ ORL,W,240,108,39,86,45.3,11,27,40.7,19,31,61.3,12,32,44,24,9,6,12,16,4
"
DET

",04/05/2016,DET @ MIA,L,239,89,32,80,40.0,5,22,22.7,20,25,80.0,12,31,43,14,7,1,13,14,-18
"
DET

",04/02/2016,DET @ CHI,W,239,94,32,76,42.1,10,20,50.0,20,34,58.8,7,38,45,17,8,2,10,16,4
"
DET

",04/01/2016,DET vs. DAL,L,240,89,31,81,38.3,13,33,39.4,14,24,58.3,12,35,47,23,4,4,11,17,-9
"
DET

",03/29/2016,DET vs. OKC,W,241,88,33,87,37.9,4,19,21.1,18,20,90.0,16,37,53,20,6,4,16,18,6
"
DET

",03/26/2016,DET vs. ATL,L,241,95,34,88,38.6,7,29,24.1,20,28,71.4,14,39,53,25,2,4,11,14,-17
"
DET

",03/25/2016,DET vs. CHA,W,240,112,42,91,46.2,8,30,26.7,20,26,76.9,15,47,62,22,4,6,14,22,7
"
DET

",03/23/2016,DET vs. ORL,W,240,118,43,80,53.8,11,24,45.8,21,25,84.0,9,36,45,30,4,5,15,15,16
"
DET

",03/21/2016,DET vs. MIL,W,240,92,35,85,41.2,9,33,27.3,13,17,76.5,10,29,39,18,6,3,12,14,1
"
DET

",03/19/2016,DET vs. BKN,W,240,115,46,94,48.9,10,24,41.7,13,21,61.9,15,30,45,30,5,4,6,17,12
"
DET

",03/18/2016,DET vs. SAC,W,240,115,44,92,47.8,12,26,46.2,15,18,83.3,16,33,49,25,7,6,15,22,7
"
DET

",03/16/2016,DET vs. ATL,L,240,114,39,84,46.4,8,25,32.0,28,39,71.8,9,39,48,23,3,4,13,25,-4
"
DET

",03/14/2016,DET @ WAS,L,241,81,32,79,40.5,3,23,13.0,14,22,63.6,11,28,39,17,5,4,20,21,-43
"
DET

",03/12/2016,DET @ PHI,W,241,125,49,91,53.8,9,18,50.0,18,22,81.8,12,40,52,26,6,3,13,20,14
"
DET

",03/11/2016,DET @ CHA,L,239,103,36,76,47.4,9,30,30.0,22,27,81.5,3,30,33,19,7,4,12,21,-15
"
DET

",03/09/2016,DET @ DAL,W,240,102,38,85,44.7,9,27,33.3,17,30,56.7,15,36,51,19,7,3,11,14,6
"
DET

",03/06/2016,DET vs. POR,W,240,123,44,84,52.4,12,22,54.5,23,28,82.1,10,35,45,22,7,1,12,23,20
"
DET

",03/05/2016,DET @ NYK,L,240,89,36,92,39.1,6,26,23.1,11,15,73.3,14,28,42,13,6,1,9,21,-13
"
DET

",03/02/2016,DET @ SAS,L,240,81,31,78,39.7,6,19,31.6,13,23,56.5,7,35,42,19,3,1,15,13,-16
"
DET

",02/28/2016,DET vs. TOR,W,240,114,41,71,57.7,12,23,52.2,20,27,74.1,7,31,38,28,2,1,10,20,13
"
DET

",02/27/2016,DET @ MIL,W,240,102,37,88,42.0,12,30,40.0,16,24,66.7,17,29,46,24,13,2,10,18,11
"
DET

",02/24/2016,DET vs. PHI,W,240,111,39,83,47.0,11,28,39.3,22,34,64.7,10,40,50,22,10,1,16,19,20
"
DET

",02/22/2016,DET @ CLE,W,241,96,37,80,46.3,8,25,32.0,14,21,66.7,6,37,43,17,10,3,13,15,8
"
DET

",02/21/2016,DET vs. NOP,L,240,106,37,89,41.6,12,33,36.4,20,32,62.5,11,30,41,18,9,6,11,25,-5
"
DET

",02/19/2016,DET @ WAS,L,238,86,35,82,42.7,7,23,30.4,9,17,52.9,6,35,41,13,2,3,12,20,-12
"
DET

",02/10/2016,DET vs. DEN,L,240,92,38,88,43.2,10,27,37.0,6,7,85.7,7,35,42,21,5,8,14,19,-11
"
DET

",02/08/2016,DET vs. TOR,L,240,89,36,80,45.0,8,28,28.6,9,17,52.9,11,28,39,22,7,2,16,18,-14
"
DET

",02/06/2016,DET @ IND,L,240,104,38,79,48.1,12,33,36.4,16,31,51.6,11,27,38,14,7,3,14,26,-8
"
DET

",02/04/2016,DET vs. NYK,W,240,111,40,79,50.6,9,17,52.9,22,33,66.7,4,38,42,17,7,3,13,22,6
"
DET

",02/03/2016,DET @ BOS,L,239,95,32,85,37.6,11,34,32.4,20,28,71.4,9,39,48,18,3,5,16,18,-7
"
DET

",02/01/2016,DET @ BKN,W,240,105,42,98,42.9,10,30,33.3,11,16,68.8,19,30,49,18,5,4,9,15,5
"
DET

",01/30/2016,DET @ TOR,L,239,107,39,87,44.8,9,29,31.0,20,34,58.8,10,29,39,9,10,6,11,29,-4
"
DET

",01/29/2016,DET vs. CLE,L,239,106,40,84,47.6,7,23,30.4,19,26,73.1,9,30,39,20,5,4,9,24,-8
"
DET

",01/27/2016,DET vs. PHI,W,241,110,39,91,42.9,5,21,23.8,27,38,71.1,21,30,51,15,9,2,10,19,13
"
DET

",01/25/2016,DET @ UTA,W,240,95,34,75,45.3,11,22,50.0,16,33,48.5,7,35,42,19,7,1,10,18,3
"
DET

",01/23/2016,DET @ DEN,L,240,101,40,84,47.6,11,29,37.9,10,19,52.6,11,40,51,23,4,5,16,22,-3
"
DET

",01/21/2016,DET @ NOP,L,240,99,38,91,41.8,7,30,23.3,16,20,80.0,18,26,44,17,5,2,15,14,-16
"
DET

",01/20/2016,DET @ HOU,W,239,123,38,80,47.5,12,30,40.0,35,59,59.3,14,38,52,23,8,7,10,17,9
"
DET

",01/18/2016,DET vs. CHI,L,240,101,42,95,44.2,5,26,19.2,12,20,60.0,20,30,50,18,8,2,11,16,-10
"
DET

",01/16/2016,DET vs. GSW,W,240,113,47,101,46.5,8,23,34.8,11,20,55.0,17,40,57,22,8,11,9,22,18
"
DET

",01/14/2016,DET @ MEM,L,240,101,37,72,51.4,15,32,46.9,12,17,70.6,8,27,35,18,3,2,20,21,-2
"
DET

",01/12/2016,DET vs. SAS,L,240,99,38,91,41.8,6,23,26.1,17,26,65.4,11,30,41,22,8,2,12,24,-10
"
DET

",01/09/2016,DET vs. BKN,W,240,103,43,92,46.7,8,27,29.6,9,14,64.3,11,36,47,23,10,5,9,12,14
"
DET

",01/06/2016,DET @ BOS,W,239,99,33,74,44.6,10,27,37.0,23,36,63.9,11,36,47,18,4,5,18,27,5
"
DET

",01/04/2016,DET vs. ORL,W,242,115,43,88,48.9,14,30,46.7,15,21,71.4,18,36,54,25,6,6,10,18,26
"
DET

",01/02/2016,DET @ IND,L,240,82,33,93,35.5,3,20,15.0,13,23,56.5,12,36,48,17,5,2,10,18,-12
"
DET

",12/31/2015,DET vs. MIN,W,240,115,41,86,47.7,14,35,40.0,19,28,67.9,12,40,52,24,7,3,16,16,25
"
DET

",12/29/2015,DET @ NYK,L,240,96,37,89,41.6,10,27,37.0,12,17,70.6,15,24,39,21,6,4,10,14,-12
"
DET

",12/26/2015,DET vs. BOS,L,240,93,35,91,38.5,6,25,24.0,17,25,68.0,18,33,51,16,11,2,15,24,-6
"
DET

",12/23/2015,DET @ ATL,L,241,100,38,89,42.7,7,21,33.3,17,33,51.5,13,33,46,18,7,9,14,20,-7
"
DET

",12/22/2015,DET @ MIA,W,240,93,35,78,44.9,15,30,50.0,8,14,57.1,12,31,43,16,3,3,16,11,1
"
DET

",12/18/2015,DET @ CHI,W,340,147,56,124,45.2,8,29,27.6,27,46,58.7,19,45,64,28,7,4,11,35,3
"
DET

",12/16/2015,DET vs. BOS,W,241,119,38,78,48.7,11,21,52.4,32,43,74.4,7,29,36,13,5,4,11,22,3
"
DET

",12/14/2015,DET vs. LAC,L,265,103,37,89,41.6,6,19,31.6,23,31,74.2,15,39,54,17,8,0,18,21,-2
"
DET

",12/12/2015,DET vs. IND,W,238,118,45,90,50.0,13,29,44.8,15,19,78.9,10,36,46,26,11,6,14,18,22
"
DET

",12/11/2015,DET @ PHI,W,240,107,43,93,46.2,10,27,37.0,11,16,68.8,17,31,48,18,9,9,14,21,12
"
DET

",12/09/2015,DET vs. MEM,L,240,92,37,87,42.5,8,29,27.6,10,15,66.7,13,30,43,17,9,6,12,16,-1
"
DET

",12/07/2015,DET @ CHA,L,241,84,32,87,36.8,10,34,29.4,10,22,45.5,7,34,41,17,11,2,12,20,-20
"
DET

",12/06/2015,DET vs. LAL,W,240,111,41,93,44.1,9,24,37.5,20,26,76.9,17,44,61,20,11,1,16,21,22
"
DET

",12/04/2015,DET vs. MIL,W,239,102,34,82,41.5,7,23,30.4,27,39,69.2,8,38,46,18,8,4,9,11,7
"
DET

",12/02/2015,DET vs. PHX,W,265,127,44,87,50.6,12,27,44.4,27,44,61.4,13,37,50,24,10,1,18,20,5
"
DET

",11/30/2015,DET vs. HOU,W,242,116,45,85,52.9,8,23,34.8,18,37,48.6,14,32,46,22,8,8,11,19,11
"
DET

",11/29/2015,DET @ BKN,L,240,83,34,101,33.7,6,24,25.0,9,21,42.9,19,32,51,19,11,1,14,15,-4
"
DET

",11/27/2015,DET @ OKC,L,240,87,31,90,34.4,9,29,31.0,16,20,80.0,13,25,38,17,9,1,8,21,-16
"
DET

",11/25/2015,DET vs. MIA,W,241,104,41,98,41.8,16,31,51.6,6,7,85.7,18,36,54,24,6,7,7,16,23
"
DET

",11/23/2015,DET @ MIL,L,241,88,31,91,34.1,6,28,21.4,20,24,83.3,22,26,48,19,7,3,17,18,-21
"
DET

",11/21/2015,DET vs. WAS,L,240,95,36,79,45.6,8,26,30.8,15,21,71.4,8,30,38,20,3,2,13,17,-2
"
DET

",11/20/2015,DET @ MIN,W,239,96,40,87,46.0,6,28,21.4,10,13,76.9,8,37,45,13,11,5,14,23,10
"
DET

",11/17/2015,DET vs. CLE,W,239,104,36,84,42.9,7,21,33.3,25,31,80.6,11,37,48,20,11,1,13,15,5
"
DET

",11/15/2015,DET @ LAL,L,240,85,35,96,36.5,7,27,25.9,8,15,53.3,12,34,46,16,7,2,10,25,-12
"
DET

",11/14/2015,DET @ LAC,L,239,96,33,74,44.6,7,27,25.9,23,35,65.7,11,31,42,15,8,2,15,23,-5
"
DET

",11/11/2015,DET @ SAC,L,240,92,34,89,38.2,9,32,28.1,15,20,75.0,14,31,45,16,10,3,16,20,-9
"
DET

",11/09/2015,DET @ GSW,L,240,95,40,85,47.1,6,19,31.6,9,15,60.0,12,29,41,15,9,3,20,14,-14
"
DET

",11/08/2015,DET @ POR,W,240,120,47,96,49.0,11,30,36.7,15,22,68.2,18,28,46,16,13,5,9,16,17
"
DET

",11/06/2015,DET @ PHX,W,239,100,37,74,50.0,8,22,36.4,18,36,50.0,6,41,47,15,8,3,15,21,8
"
DET

",11/03/2015,DET vs. IND,L,241,82,33,86,38.4,5,22,22.7,11,17,64.7,19,31,50,14,8,5,23,21,-12
"
DET

",10/30/2015,DET vs. CHI,W,266,98,39,104,37.5,6,28,21.4,14,28,50.0,20,41,61,18,9,2,14,19,4
"
DET

",10/28/2015,DET vs. UTA,W,240,92,30,74,40.5,7,19,36.8,25,34,73.5,8,35,43,16,2,4,10,20,5
"
DET

",10/27/2015,DET @ ATL,W,239,106,37,96,38.5,12,29,41.4,20,26,76.9,23,36,59,23,5,3,15,15,12
"
DET

",10/23/2015,DET vs. ATL,W,240,115,46,86,53.5,16,37,43.2,7,8,87.5,10,31,41,32,9,4,14,21,28
"
DET

",10/21/2015,DET vs. CHA,L,240,94,34,89,38.2,5,29,17.2,21,29,72.4,9,38,47,21,10,4,11,24,-5
"
DET

",10/18/2015,DET @ SAS,L,241,92,33,84,39.3,8,25,32.0,18,21,85.7,7,30,37,19,12,5,12,16,-4
"
DET

",10/14/2015,DET @ CHI,W,239,114,43,79,54.4,9,21,42.9,19,21,90.5,7,33,40,25,7,1,10,17,23
"
DET

",10/13/2015,DET @ IND,L,241,97,35,90,38.9,8,19,42.1,19,22,86.4,20,33,53,16,4,5,18,15,-4
"
DET

",10/10/2015,DET @ MIL,W,240,117,38,76,50.0,12,30,40.0,29,43,67.4,10,32,42,25,8,7,9,21,29
"
DET

",10/08/2015,DET vs. BKN,L,240,83,34,83,41.0,7,22,31.8,8,11,72.7,11,32,43,19,11,4,21,24,-10
"
DET

",10/06/2015,DET vs. IND,L,241,112,39,80,48.8,13,29,44.8,21,27,77.8,11,30,41,25,5,3,19,28,-3
"
DET

",04/15/2015,DET @ NYK,W,240,112,41,81,50.6,10,26,38.5,20,27,74.1,11,33,44,20,14,3,12,22,22
"
DET

",04/13/2015,DET @ CLE,L,239,97,38,83,45.8,9,25,36.0,12,20,60.0,8,23,31,21,4,4,7,8,-12
"
DET

",04/12/2015,DET vs. CHA,W,238,116,41,81,50.6,16,28,57.1,18,23,78.3,12,44,56,33,6,4,14,23,39
"
DET

",04/10/2015,DET vs. IND,L,240,103,40,89,44.9,11,23,47.8,12,23,52.2,15,30,45,25,5,5,11,20,-4
"
DET

",04/08/2015,DET vs. BOS,L,239,103,45,84,53.6,7,18,38.9,6,10,60.0,11,30,41,29,7,5,19,25,-10
"
DET

",04/04/2015,DET vs. MIA,W,240,99,36,73,49.3,12,26,46.2,15,23,65.2,8,25,33,20,6,3,16,21,1
"
DET

",04/03/2015,DET @ CHI,L,240,82,32,74,43.2,6,19,31.6,12,15,80.0,11,31,42,14,9,12,18,20,-6
"
DET

",04/01/2015,DET @ CHA,L,240,78,31,88,35.2,5,22,22.7,11,18,61.1,14,37,51,24,6,4,12,20,-24
"
DET

",03/31/2015,DET vs. ATL,W,240,105,41,83,49.4,11,29,37.9,12,17,70.6,9,29,38,26,11,6,11,14,10
"
DET

",03/29/2015,DET @ MIA,L,241,102,40,83,48.2,8,25,32.0,14,22,63.6,13,24,37,24,5,5,11,20,-7
"
DET

",03/27/2015,DET @ ORL,W,240,111,42,90,46.7,7,18,38.9,20,27,74.1,12,29,41,22,10,6,5,12,14
"
DET

",03/24/2015,DET vs. TOR,W,240,108,40,93,43.0,12,29,41.4,16,24,66.7,20,22,42,26,5,3,7,21,4
"
DET

",03/22/2015,DET @ BOS,W,265,105,39,89,43.8,9,26,34.6,18,30,60.0,11,45,56,24,5,10,14,21,8
"
DET

",03/21/2015,DET vs. CHI,W,240,107,44,90,48.9,11,26,42.3,8,10,80.0,6,38,44,28,9,6,4,20,16
"
DET

",03/18/2015,DET @ PHI,L,241,83,29,88,33.0,8,26,30.8,17,19,89.5,18,33,51,18,8,7,18,18,-11
"
DET

",03/17/2015,DET vs. MEM,W,240,105,39,83,47.0,12,33,36.4,15,22,68.2,9,29,38,26,5,5,9,16,10
"
DET

",03/14/2015,DET @ UTA,L,240,85,32,84,38.1,8,23,34.8,13,22,59.1,16,28,44,18,8,3,12,20,-3
"
DET

",03/13/2015,DET @ POR,L,240,99,41,91,45.1,7,25,28.0,10,12,83.3,11,25,36,23,5,2,6,14,-19
"
DET

",03/11/2015,DET @ GSW,L,241,98,42,98,42.9,4,12,33.3,10,12,83.3,19,30,49,18,6,5,13,16,-7
"
DET

",03/10/2015,DET @ LAL,L,241,85,32,84,38.1,8,35,22.9,13,19,68.4,12,30,42,20,10,8,12,23,-8
"
DET

",03/08/2015,DET vs. CHA,L,242,101,39,89,43.8,3,14,21.4,20,25,80.0,13,29,42,21,8,3,10,16,-7
"
DET

",03/06/2015,DET @ HOU,L,240,93,37,102,36.3,6,29,20.7,13,17,76.5,19,31,50,20,12,5,12,22,-10
"
DET

",03/04/2015,DET @ NOP,L,240,85,38,93,40.9,2,14,14.3,7,9,77.8,16,36,52,25,8,7,18,19,-3
"
DET

",02/28/2015,DET @ WAS,L,240,95,38,79,48.1,8,26,30.8,11,21,52.4,9,31,40,18,8,2,17,22,-4
"
DET

",02/27/2015,DET vs. NYK,L,289,115,39,97,40.2,8,31,25.8,29,40,72.5,16,38,54,22,3,10,15,26,-6
"
DET

",02/24/2015,DET vs. CLE,L,240,93,33,82,40.2,9,24,37.5,18,30,60.0,11,35,46,16,5,3,13,21,-9
"
DET

",02/22/2015,DET vs. WAS,W,240,106,37,89,41.6,13,32,40.6,19,25,76.0,17,34,51,22,8,1,12,19,17
"
DET

",02/20/2015,DET vs. CHI,W,241,100,38,84,45.2,6,22,27.3,18,33,54.5,11,31,42,19,12,1,10,23,9
"
DET

",02/11/2015,DET vs. SAS,L,241,87,33,81,40.7,9,21,42.9,12,17,70.6,10,26,36,17,4,4,10,14,-17
"
DET

",02/10/2015,DET @ CHA,W,241,106,37,83,44.6,5,19,26.3,27,30,90.0,10,38,48,21,8,5,8,18,28
"
DET

",02/08/2015,DET vs. MIN,L,240,101,37,79,46.8,10,31,32.3,17,22,77.3,12,23,35,18,8,4,15,25,-11
"
DET

",02/06/2015,DET vs. DEN,W,240,98,37,82,45.1,4,24,16.7,20,26,76.9,11,40,51,23,4,4,16,16,10
"
DET

",02/04/2015,DET @ IND,L,240,109,43,87,49.4,12,24,50.0,11,15,73.3,12,23,35,23,7,2,10,18,-5
"
DET

",02/03/2015,DET vs. MIA,W,240,108,42,88,47.7,9,20,45.0,15,18,83.3,14,31,45,27,7,5,6,17,17
"
DET

",01/31/2015,DET vs. HOU,W,238,114,41,82,50.0,10,25,40.0,22,35,62.9,12,32,44,28,8,8,12,11,13
"
DET

",01/28/2015,DET @ PHI,L,240,69,23,75,30.7,2,20,10.0,21,23,91.3,14,24,38,15,12,5,17,16,-20
"
DET

",01/27/2015,DET vs. CLE,L,241,95,35,83,42.2,8,24,33.3,17,23,73.9,16,35,51,21,4,8,18,17,-8
"
DET

",01/25/2015,DET @ TOR,L,239,110,41,90,45.6,12,34,35.3,16,23,69.6,14,30,44,24,5,2,14,21,-4
"
DET

",01/24/2015,DET @ MIL,L,241,86,31,86,36.0,6,25,24.0,18,25,72.0,16,30,46,14,11,2,19,14,-15
"
DET

",01/21/2015,DET vs. ORL,W,239,128,49,94,52.1,10,24,41.7,20,24,83.3,11,34,45,35,10,5,15,17,10
"
DET

",01/19/2015,DET @ ATL,L,240,82,29,82,35.4,9,35,25.7,15,26,57.7,20,41,61,17,6,2,18,17,-11
"
DET

",01/17/2015,DET vs. PHI,W,240,107,38,88,43.2,15,35,42.9,16,19,84.2,18,29,47,27,16,5,16,16,18
"
DET

",01/16/2015,DET @ IND,W,240,98,32,85,37.6,13,31,41.9,21,24,87.5,15,34,49,17,6,5,15,17,2
"
DET

",01/14/2015,DET vs. NOP,L,240,94,34,73,46.6,8,22,36.4,18,23,78.3,3,27,30,23,8,10,7,16,-11
"
DET

",01/12/2015,DET @ TOR,W,240,114,41,96,42.7,7,21,33.3,25,31,80.6,17,29,46,24,10,4,8,15,3
"
DET

",01/10/2015,DET vs. BKN,W,239,98,34,80,42.5,11,33,33.3,19,26,73.1,9,35,44,27,8,3,10,10,5
"
DET

",01/09/2015,DET vs. ATL,L,240,103,38,96,39.6,13,43,30.2,14,18,77.8,11,35,46,24,9,3,7,19,-3
"
DET

",01/07/2015,DET @ DAL,W,239,108,43,97,44.3,10,21,47.6,12,14,85.7,18,42,60,22,9,2,15,17,13
"
DET

",01/06/2015,DET @ SAS,W,241,105,41,87,47.1,3,19,15.8,20,28,71.4,15,30,45,19,10,3,14,28,1
"
DET

",01/04/2015,DET vs. SAC,W,240,114,45,91,49.5,12,31,38.7,12,16,75.0,8,41,49,21,8,3,13,27,19
"
DET

",01/02/2015,DET @ NYK,W,240,97,38,76,50.0,13,33,39.4,8,14,57.1,9,40,49,24,10,3,16,16,16
"
DET

",12/30/2014,DET @ ORL,W,240,109,40,86,46.5,14,33,42.4,15,29,51.7,16,38,54,22,9,9,11,14,23
"
DET

",12/28/2014,DET @ CLE,W,240,103,41,91,45.1,17,31,54.8,4,9,44.4,14,33,47,21,12,6,10,21,23
"
DET

",12/26/2014,DET vs. IND,W,240,119,47,86,54.7,10,26,38.5,15,29,51.7,12,30,42,25,11,6,9,22,10
"
DET

",12/21/2014,DET @ BKN,L,240,105,40,91,44.0,9,27,33.3,16,26,61.5,18,32,50,26,10,6,13,22,-5
"
DET

",12/19/2014,DET vs. TOR,L,241,100,41,94,43.6,8,25,32.0,10,15,66.7,14,35,49,28,5,7,11,20,-10
"
DET

",12/17/2014,DET vs. DAL,L,238,106,40,89,44.9,13,33,39.4,13,19,68.4,10,32,42,22,9,4,11,27,-11
"
DET

",12/15/2014,DET @ LAC,L,240,91,35,83,42.2,8,27,29.6,13,22,59.1,17,24,41,23,10,3,17,19,-22
"
DET

",12/13/2014,DET @ SAC,W,240,95,35,79,44.3,6,20,30.0,19,23,82.6,8,35,43,22,10,9,13,18,5
"
DET

",12/12/2014,DET @ PHX,W,241,105,40,84,47.6,4,15,26.7,21,27,77.8,13,34,47,17,11,3,18,18,2
"
DET

",12/09/2014,DET vs. POR,L,239,86,34,97,35.1,5,22,22.7,13,16,81.3,17,30,47,23,7,2,6,8,-12
"
DET

",12/07/2014,DET vs. OKC,L,240,94,34,76,44.7,7,23,30.4,19,28,67.9,8,31,39,25,5,1,12,21,-2
"
DET

",12/06/2014,DET vs. PHI,L,265,101,34,87,39.1,6,23,26.1,27,35,77.1,12,35,47,22,11,6,19,24,-7
"
DET

",12/03/2014,DET @ BOS,L,265,102,37,102,36.3,8,27,29.6,20,29,69.0,16,39,55,20,7,7,11,23,-7
"
DET

",12/02/2014,DET vs. LAL,L,240,96,33,90,36.7,6,21,28.6,24,31,77.4,16,33,49,20,6,5,14,16,-10
"
DET

",11/30/2014,DET vs. GSW,L,240,93,33,91,36.3,11,23,47.8,16,24,66.7,15,29,44,25,11,5,13,20,-11
"
DET

",11/28/2014,DET vs. MIL,L,239,88,34,83,41.0,6,23,26.1,14,25,56.0,14,25,39,25,8,5,14,19,-16
"
DET

",11/26/2014,DET vs. LAC,L,240,98,35,78,44.9,10,27,37.0,18,24,75.0,12,26,38,18,8,4,15,17,-6
"
DET

",11/25/2014,DET @ MIL,L,240,86,36,78,46.2,7,20,35.0,7,17,41.2,8,28,36,23,7,5,19,18,-12
"
DET

",11/21/2014,DET @ ATL,L,240,89,31,83,37.3,4,21,19.0,23,24,95.8,13,32,45,12,6,3,12,20,-10
"
DET

",11/19/2014,DET vs. PHX,L,241,86,33,87,37.9,7,25,28.0,13,19,68.4,15,28,43,21,9,1,14,16,-2
"
DET

",11/17/2014,DET vs. ORL,L,240,93,32,80,40.0,11,24,45.8,18,24,75.0,10,31,41,17,5,4,14,19,-14
"
DET

",11/15/2014,DET @ MEM,L,240,88,34,82,41.5,10,26,38.5,10,17,58.8,9,34,43,15,4,6,9,22,-7
"
DET

",11/14/2014,DET @ OKC,W,265,96,38,89,42.7,11,31,35.5,9,15,60.0,14,41,55,18,8,5,16,17,7
"
DET

",11/12/2014,DET @ WAS,L,240,103,38,81,46.9,9,22,40.9,18,22,81.8,7,32,39,19,5,6,13,25,-4
"
DET

",11/10/2014,DET @ CHI,L,241,91,34,80,42.5,7,14,50.0,16,25,64.0,9,37,46,19,5,6,15,21,-11
"
DET

",11/09/2014,DET vs. UTA,L,241,96,36,93,38.7,6,23,26.1,18,25,72.0,18,33,51,19,6,2,11,22,-1
"
DET

",11/07/2014,DET vs. MIL,W,240,98,37,75,49.3,11,23,47.8,13,24,54.2,12,28,40,18,7,5,18,24,3
"
DET

",11/05/2014,DET vs. NYK,W,241,98,32,87,36.8,11,23,47.8,23,33,69.7,19,36,55,17,5,4,8,16,3
"
DET

",11/01/2014,DET vs. BKN,L,241,90,32,76,42.1,1,17,5.9,25,35,71.4,10,31,41,21,3,3,7,15,-12
"
DET

",10/30/2014,DET @ MIN,L,241,91,38,91,41.8,7,21,33.3,8,13,61.5,14,32,46,20,3,5,12,24,-6
"
DET

",10/29/2014,DET @ DEN,L,241,79,31,84,36.9,6,26,23.1,11,19,57.9,8,37,45,15,4,5,15,27,-10
"
DET

",10/23/2014,DET vs. PHI,W,240,109,35,72,48.6,15,28,53.6,24,31,77.4,9,29,38,28,11,3,17,26,6
"
DET

",10/18/2014,DET @ ATL,W,239,104,38,81,46.9,8,21,38.1,20,31,64.5,5,42,47,28,11,6,18,26,4
"
DET

",10/17/2014,DET @ ORL,L,241,87,30,80,37.5,6,22,27.3,21,28,75.0,9,33,42,19,12,7,18,11,-12
"
DET

",10/15/2014,DET @ CHA,W,240,104,39,82,47.6,8,20,40.0,18,28,64.3,15,43,58,28,5,6,14,22,20
"
DET

",10/12/2014,DET @ WAS,L,239,89,37,80,46.3,6,22,27.3,9,22,40.9,7,29,36,25,10,7,18,28,-2
"
DET

",10/09/2014,DET vs. MIL,W,240,94,31,81,38.3,5,26,19.2,27,38,71.1,15,38,53,20,10,1,16,24,14
"
DET

",10/07/2014,DET vs. CHI,W,267,111,39,94,41.5,11,32,34.4,22,31,71.0,11,29,40,28,6,3,13,31,2
"
DET

",04/16/2014,DET @ OKC,L,240,111,42,83,50.6,8,19,42.1,19,31,61.3,15,26,41,20,6,3,17,28,-1
"
DET

",04/13/2014,DET vs. TOR,L,241,107,35,84,41.7,5,20,25.0,32,48,66.7,21,34,55,25,6,4,14,29,-9
"
DET

",04/11/2014,DET @ CHI,L,241,98,40,86,46.5,5,17,29.4,13,23,56.5,15,30,45,12,7,2,11,21,-8
"
DET

",04/09/2014,DET @ CLE,L,240,100,34,96,35.4,9,28,32.1,23,32,71.9,21,25,46,19,10,2,15,12,-22
"
DET

",04/08/2014,DET @ ATL,W,241,102,37,86,43.0,6,17,35.3,22,32,68.8,16,37,53,14,13,4,15,20,7
"
DET

",04/05/2014,DET vs. BOS,W,238,115,38,79,48.1,9,23,39.1,30,36,83.3,13,30,43,18,6,1,13,16,4
"
DET

",04/04/2014,DET @ BKN,L,240,104,41,88,46.6,9,27,33.3,13,21,61.9,19,27,46,23,6,2,9,14,-12
"
DET

",04/02/2014,DET @ IND,L,239,94,34,93,36.6,7,16,43.8,19,28,67.9,17,30,47,16,7,4,5,18,-7
"
DET

",03/31/2014,DET vs. MIL,W,239,116,46,97,47.4,9,23,39.1,15,21,71.4,19,31,50,28,5,5,11,26,5
"
DET

",03/29/2014,DET @ PHI,L,240,98,33,85,38.8,6,21,28.6,26,32,81.3,15,29,44,20,8,6,18,20,-25
"
DET

",03/28/2014,DET vs. MIA,L,240,78,30,79,38.0,3,24,12.5,15,21,71.4,12,24,36,20,6,4,11,22,-32
"
DET

",03/26/2014,DET vs. CLE,L,240,96,39,84,46.4,11,26,42.3,7,13,53.8,11,37,48,27,5,5,11,18,-1
"
DET

",03/24/2014,DET @ UTA,W,242,114,46,83,55.4,9,17,52.9,13,18,72.2,16,37,53,23,6,2,13,19,20
"
DET

",03/22/2014,DET @ LAC,L,239,103,42,93,45.2,12,29,41.4,7,13,53.8,16,30,46,29,9,2,15,15,-9
"
DET

",03/21/2014,DET @ PHX,L,240,92,39,90,43.3,4,16,25.0,10,26,38.5,14,39,53,22,8,3,19,27,-6
"
DET

",03/19/2014,DET @ DEN,L,240,109,43,95,45.3,10,26,38.5,13,19,68.4,12,31,43,22,8,4,12,20,-9
"
DET

",03/15/2014,DET vs. IND,L,264,104,37,91,40.7,7,23,30.4,23,30,76.7,8,36,44,24,9,7,11,21,-8
"
DET

",03/12/2014,DET @ TOR,L,241,87,34,78,43.6,9,22,40.9,10,24,41.7,9,30,39,15,8,3,16,17,-14
"
DET

",03/11/2014,DET vs. SAC,W,241,99,38,87,43.7,7,18,38.9,16,19,84.2,10,37,47,26,9,7,11,24,10
"
DET

",03/09/2014,DET @ BOS,L,240,111,40,86,46.5,4,15,26.7,27,39,69.2,19,35,54,17,3,5,16,20,-7
"
DET

",03/07/2014,DET @ MIN,L,240,101,38,94,40.4,4,13,30.8,21,30,70.0,19,36,55,17,6,4,12,23,-13
"
DET

",03/05/2014,DET vs. CHI,L,240,94,39,87,44.8,2,11,18.2,14,17,82.4,8,24,32,25,5,6,7,12,-11
"
DET

",03/03/2014,DET vs. NYK,W,239,96,35,83,42.2,4,12,33.3,22,30,73.3,15,39,54,21,11,4,16,14,11
"
DET

",03/01/2014,DET @ HOU,L,239,110,45,100,45.0,4,19,21.1,16,19,84.2,20,27,47,22,11,7,13,24,-8
"
DET

",02/26/2014,DET @ SAS,L,240,110,45,90,50.0,5,10,50.0,15,17,88.2,9,28,37,24,10,4,13,19,-10
"
DET

",02/24/2014,DET vs. GSW,L,239,96,40,99,40.4,4,13,30.8,12,18,66.7,16,29,45,26,7,6,8,23,-8
"
DET

",02/22/2014,DET vs. DAL,L,241,102,40,82,48.8,2,11,18.2,20,30,66.7,9,30,39,21,7,6,10,19,-11
"
DET

",02/21/2014,DET vs. ATL,W,240,115,47,87,54.0,8,20,40.0,13,29,44.8,16,30,46,32,6,5,11,20,8
"
DET

",02/19/2014,DET @ CHA,L,238,98,38,90,42.2,8,18,44.4,14,20,70.0,7,24,31,20,8,5,9,20,-18
"
DET

",02/18/2014,DET vs. CHA,L,240,96,39,98,39.8,5,16,31.3,13,23,56.5,16,36,52,20,6,3,7,24,-12
"
DET

",02/12/2014,DET vs. CLE,L,241,89,33,83,39.8,4,23,17.4,19,27,70.4,15,38,53,21,5,5,16,24,-4
"
DET

",02/10/2014,DET vs. SAS,W,240,109,43,90,47.8,5,16,31.3,18,26,69.2,18,24,42,16,13,4,11,19,9
"
DET

",02/08/2014,DET vs. DEN,W,240,126,50,98,51.0,8,20,40.0,18,23,78.3,13,27,40,28,11,5,10,16,17
"
DET

",02/07/2014,DET vs. BKN,W,240,111,43,84,51.2,9,17,52.9,16,24,66.7,15,42,57,26,10,9,22,19,16
"
DET

",02/05/2014,DET @ ORL,L,240,98,39,85,45.9,6,20,30.0,14,23,60.9,11,25,36,19,8,4,15,20,-14
"
DET

",02/03/2014,DET @ MIA,L,241,96,34,83,41.0,6,18,33.3,22,29,75.9,19,32,51,19,11,4,21,20,-6
"
DET

",02/01/2014,DET vs. PHI,W,240,113,41,92,44.6,7,25,28.0,24,40,60.0,23,35,58,23,12,8,16,20,17
"
DET

",01/28/2014,DET vs. ORL,W,242,103,39,86,45.3,6,20,30.0,19,28,67.9,17,39,56,22,7,7,15,20,16
"
DET

",01/26/2014,DET @ DAL,L,241,106,43,91,47.3,4,13,30.8,16,28,57.1,17,24,41,18,10,0,12,21,-10
"
DET

",01/24/2014,DET vs. NOP,L,240,101,37,85,43.5,6,18,33.3,21,28,75.0,17,27,44,18,11,4,16,21,-2
"
DET

",01/22/2014,DET @ MIL,L,240,101,36,84,42.9,4,15,26.7,25,34,73.5,9,31,40,21,11,4,14,15,-3
"
DET

",01/20/2014,DET vs. LAC,L,239,103,40,79,50.6,2,14,14.3,21,29,72.4,8,22,30,17,10,4,12,28,-9
"
DET

",01/18/2014,DET @ WAS,W,239,104,40,81,49.4,6,21,28.6,18,31,58.1,11,33,44,17,9,3,14,24,6
"
DET

",01/17/2014,DET vs. UTA,L,240,89,32,74,43.2,4,16,25.0,21,31,67.7,8,24,32,15,5,3,15,19,-21
"
DET

",01/11/2014,DET vs. PHX,W,240,110,44,94,46.8,3,17,17.6,19,27,70.4,20,39,59,32,7,7,15,19,2
"
DET

",01/10/2014,DET @ PHI,W,239,114,40,94,42.6,11,30,36.7,23,33,69.7,25,37,62,24,12,14,18,19,10
"
DET

",01/08/2014,DET @ TOR,L,240,91,34,86,39.5,4,16,25.0,19,35,54.3,11,36,47,20,7,5,15,26,-21
"
DET

",01/07/2014,DET @ NYK,L,240,85,32,86,37.2,3,19,15.8,18,23,78.3,16,38,54,19,8,4,16,20,-4
"
DET

",01/05/2014,DET vs. MEM,L,240,84,35,86,40.7,4,17,23.5,10,20,50.0,12,31,43,23,4,5,11,20,-28
"
DET

",12/30/2013,DET vs. WAS,L,240,99,36,82,43.9,6,20,30.0,21,35,60.0,18,25,43,26,9,2,16,24,-7
"
DET

",12/28/2013,DET @ WAS,L,239,82,31,77,40.3,7,21,33.3,13,17,76.5,11,27,38,20,9,5,22,18,-24
"
DET

",12/27/2013,DET @ ORL,L,239,92,39,95,41.1,5,18,27.8,9,18,50.0,19,29,48,16,6,5,15,22,-17
"
DET

",12/23/2013,DET @ CLE,W,241,115,46,96,47.9,10,24,41.7,13,18,72.2,18,32,50,27,11,5,14,20,23
"
DET

",12/21/2013,DET vs. HOU,L,240,97,40,89,44.9,1,12,8.3,16,26,61.5,11,26,37,22,8,8,8,17,-17
"
DET

",12/20/2013,DET vs. CHA,L,239,106,42,90,46.7,12,23,52.2,10,17,58.8,18,26,44,18,7,10,17,17,-10
"
DET

",12/18/2013,DET @ BOS,W,238,107,41,88,46.6,10,27,37.0,15,20,75.0,13,23,36,22,14,4,16,18,1
"
DET

",12/16/2013,DET @ IND,W,240,101,38,88,43.2,7,20,35.0,18,28,64.3,20,35,55,14,3,7,8,20,5
"
DET

",12/15/2013,DET vs. POR,L,266,109,44,94,46.8,3,15,20.0,18,27,66.7,18,35,53,19,5,5,14,22,-2
"
DET

",12/13/2013,DET vs. BKN,W,238,103,39,83,47.0,3,10,30.0,22,31,71.0,9,34,43,23,2,4,13,21,4
"
DET

",12/11/2013,DET @ NOP,L,264,106,42,96,43.8,5,21,23.8,17,27,63.0,15,28,43,17,10,6,13,19,-5
"
DET

",12/10/2013,DET vs. MIN,L,241,94,39,83,47.0,8,28,28.6,8,16,50.0,11,28,39,22,4,5,20,24,-27
"
DET

",12/08/2013,DET vs. MIA,L,240,95,36,85,42.4,7,20,35.0,16,22,72.7,16,27,43,17,10,2,17,21,-15
"
DET

",12/07/2013,DET @ CHI,W,239,92,34,80,42.5,12,19,63.2,12,15,80.0,13,38,51,15,8,9,18,20,17
"
DET

",12/04/2013,DET @ MIL,W,241,105,33,86,38.4,7,21,33.3,32,42,76.2,21,34,55,21,7,11,15,21,7
"
DET

",12/03/2013,DET @ MIA,W,242,107,41,80,51.3,7,16,43.8,18,26,69.2,13,33,46,21,11,5,18,19,10
"
DET

",12/01/2013,DET vs. PHI,W,239,115,41,89,46.1,10,28,35.7,23,39,59.0,16,41,57,26,12,7,23,20,15
"
DET

",11/29/2013,DET vs. LAL,L,240,102,44,100,44.0,1,8,12.5,13,25,52.0,22,33,55,25,10,3,13,22,-4
"
DET

",11/27/2013,DET vs. CHI,L,240,79,34,77,44.2,2,12,16.7,9,19,47.4,12,26,38,12,11,4,15,19,-20
"
DET

",11/25/2013,DET vs. MIL,W,240,113,43,80,53.8,12,29,41.4,15,23,65.2,5,32,37,28,11,1,10,24,19
"
DET

",11/24/2013,DET @ BKN,W,240,109,38,80,47.5,5,17,29.4,28,40,70.0,13,31,44,20,9,3,9,19,12
"
DET

",11/22/2013,DET vs. ATL,L,239,89,36,84,42.9,3,13,23.1,14,22,63.6,11,41,52,19,8,7,15,16,-7
"
DET

",11/20/2013,DET @ ATL,L,240,85,35,87,40.2,6,22,27.3,9,12,75.0,15,28,43,17,13,5,15,21,-8
"
DET

",11/19/2013,DET vs. NYK,W,239,92,35,70,50.0,7,19,36.8,15,21,71.4,10,27,37,19,6,4,15,20,6
"
DET

",11/17/2013,DET @ LAL,L,239,99,42,87,48.3,8,23,34.8,7,17,41.2,12,27,39,24,7,3,14,10,-15
"
DET

",11/15/2013,DET @ SAC,W,239,97,38,85,44.7,6,23,26.1,15,24,62.5,13,33,46,26,10,6,12,20,7
"
DET

",11/12/2013,DET @ GSW,L,242,95,37,87,42.5,3,18,16.7,18,27,66.7,16,18,34,16,12,4,12,25,-18
"
DET

",11/11/2013,DET @ POR,L,239,103,42,91,46.2,3,14,21.4,16,21,76.2,18,24,42,20,10,2,8,13,-6
"
DET

",11/08/2013,DET vs. OKC,L,240,110,39,91,42.9,11,31,35.5,21,27,77.8,16,26,42,22,10,6,13,27,-9
"
DET

",11/05/2013,DET vs. IND,L,241,91,33,87,37.9,5,25,20.0,20,25,80.0,13,29,42,13,10,6,14,24,-8
"
DET

",11/03/2013,DET vs. BOS,W,241,87,34,76,44.7,2,13,15.4,17,29,58.6,15,29,44,16,15,7,21,15,10
"
DET

",11/01/2013,DET @ MEM,L,265,108,42,89,47.2,7,21,33.3,17,24,70.8,15,26,41,21,10,6,19,26,-3
"
DET

",10/30/2013,DET vs. WAS,W,238,113,39,78,50.0,9,24,37.5,26,33,78.8,12,32,44,24,6,4,18,27,11
"
DET

",10/24/2013,DET vs. MIN,W,241,99,36,75,48.0,8,21,38.1,19,34,55.9,11,34,45,21,12,1,15,20,1
"
DET

",10/22/2013,DET vs. WAS,W,241,99,37,76,48.7,11,26,42.3,14,21,66.7,5,34,39,29,6,3,12,23,3
"
DET

",10/20/2013,DET @ ORL,L,240,86,30,72,41.7,6,18,33.3,20,25,80.0,12,33,45,17,12,5,25,19,-1
"
DET

",10/17/2013,DET @ CLE,L,239,84,29,75,38.7,8,22,36.4,18,26,69.2,8,29,37,19,12,4,21,17,-12
"
DET

",10/16/2013,DET @ CHI,L,240,81,26,80,32.5,9,19,47.4,20,29,69.0,12,32,44,19,7,4,14,27,-15
"
DET

",10/12/2013,DET @ BKN,W,240,99,37,72,51.4,4,15,26.7,21,25,84.0,8,33,41,19,10,6,27,36,11
"
DET

",10/10/2013,DET vs. MIA,L,239,107,33,72,45.8,5,20,25.0,36,48,75.0,16,39,55,15,3,8,23,29,-5
"
DET

",10/08/2013,DET vs. MAC,W,242,91,32,82,39.0,5,26,19.2,22,29,75.9,13,36,49,21,14,7,12,17,22
"
DET

",04/17/2013,DET @ BKN,L,241,99,37,78,47.4,1,13,7.7,24,32,75.0,10,29,39,17,17,5,23,24,-4
"
DET

",04/15/2013,DET vs. PHI,W,241,109,41,83,49.4,9,25,36.0,18,22,81.8,12,31,43,23,7,3,14,21,8
"
DET

",04/12/2013,DET vs. CHA,W,241,113,43,83,51.8,12,18,66.7,15,20,75.0,15,30,45,31,10,3,22,20,20
"
DET

",04/10/2013,DET @ CLE,W,239,111,40,80,50.0,4,16,25.0,27,42,64.3,5,28,33,20,6,1,5,20,7
"
DET

",04/07/2013,DET vs. CHI,W,240,99,39,73,53.4,9,18,50.0,12,17,70.6,8,32,40,25,6,2,13,23,14
"
DET

",04/06/2013,DET @ MIN,L,240,101,40,75,53.3,6,15,40.0,15,21,71.4,11,30,41,22,10,6,24,25,-6
"
DET

",04/03/2013,DET @ BOS,L,239,93,34,93,36.6,4,24,16.7,21,30,70.0,25,27,52,20,10,1,15,20,-5
"
DET

",04/01/2013,DET @ TOR,W,240,108,43,77,55.8,7,15,46.7,15,21,71.4,7,22,29,24,4,1,8,17,10
"
DET

",03/31/2013,DET @ CHI,L,242,94,36,72,50.0,7,16,43.8,15,22,68.2,8,37,45,22,5,5,16,23,-1
"
DET

",03/29/2013,DET vs. TOR,L,240,82,31,76,40.8,5,18,27.8,15,23,65.2,11,23,34,25,4,4,13,13,-17
"
DET

",03/26/2013,DET vs. MIN,L,240,82,32,79,40.5,7,20,35.0,11,13,84.6,11,26,37,18,8,4,15,12,-23
"
DET

",03/23/2013,DET @ CHA,W,240,92,36,79,45.6,10,26,38.5,10,14,71.4,8,32,40,31,8,3,15,18,1
"
DET

",03/22/2013,DET @ MIA,L,241,89,34,83,41.0,7,22,31.8,14,18,77.8,18,29,47,21,9,5,22,24,-14
"
DET

",03/18/2013,DET vs. BKN,L,240,82,34,78,43.6,1,18,5.6,13,15,86.7,10,23,33,20,6,4,15,21,-37
"
DET

",03/16/2013,DET @ POR,L,240,101,40,76,52.6,5,17,29.4,16,24,66.7,7,26,33,19,7,3,13,22,-11
"
DET

",03/13/2013,DET @ GSW,L,241,97,40,89,44.9,5,17,29.4,12,14,85.7,14,24,38,26,6,0,9,22,-8
"
DET

",03/11/2013,DET @ UTA,L,239,90,34,80,42.5,7,20,35.0,15,18,83.3,6,24,30,14,5,5,7,15,-13
"
DET

",03/10/2013,DET @ LAC,L,241,97,30,64,46.9,11,23,47.8,26,42,61.9,9,19,28,25,5,4,14,21,-32
"
DET

",03/08/2013,DET vs. DAL,L,240,99,39,96,40.6,9,30,30.0,12,19,63.2,18,34,52,19,7,3,10,20,-3
"
DET

",03/06/2013,DET vs. NYK,L,240,77,32,74,43.2,7,20,35.0,6,10,60.0,8,28,36,23,8,6,20,14,-10
"
DET

",03/03/2013,DET @ SAS,L,240,75,28,86,32.6,6,19,31.6,13,18,72.2,13,33,46,17,4,1,19,23,-39
"
DET

",03/01/2013,DET @ NOH,L,240,95,39,78,50.0,7,19,36.8,10,16,62.5,11,29,40,26,6,3,14,21,-5
"
DET

",02/27/2013,DET @ WAS,W,241,96,39,72,54.2,9,15,60.0,9,16,56.3,5,31,36,35,10,4,16,15,1
"
DET

",02/25/2013,DET vs. ATL,L,240,103,41,84,48.8,3,14,21.4,18,22,81.8,10,31,41,25,8,1,17,18,-11
"
DET

",02/23/2013,DET vs. IND,L,241,72,26,77,33.8,2,14,14.3,18,24,75.0,10,29,39,14,9,2,14,22,-18
"
DET

",02/22/2013,DET @ IND,L,240,82,29,82,35.4,3,19,15.8,21,37,56.8,15,26,41,15,8,5,16,26,-32
"
DET

",02/20/2013,DET @ CHA,W,238,105,40,81,49.4,8,17,47.1,17,23,73.9,8,34,42,26,4,8,9,23,6
"
DET

",02/19/2013,DET vs. MEM,L,240,91,38,82,46.3,9,20,45.0,6,10,60.0,6,23,29,28,7,4,16,18,-14
"
DET

",02/13/2013,DET vs. WAS,W,241,96,35,79,44.3,9,18,50.0,17,25,68.0,14,34,48,19,10,4,17,20,11
"
DET

",02/11/2013,DET vs. NOH,L,239,86,29,81,35.8,5,19,26.3,23,33,69.7,14,27,41,21,13,3,13,16,-19
"
DET

",02/09/2013,DET @ MIL,W,239,105,41,83,49.4,8,17,47.1,15,19,78.9,11,35,46,25,11,2,20,20,5
"
DET

",02/08/2013,DET vs. SAS,W,240,119,46,89,51.7,10,22,45.5,17,20,85.0,15,34,49,26,5,4,12,20,10
"
DET

",02/06/2013,DET vs. BKN,L,240,90,36,83,43.4,3,17,17.6,15,21,71.4,14,27,41,28,7,7,14,29,-3
"
DET

",02/04/2013,DET @ NYK,L,240,85,38,90,42.2,3,13,23.1,6,12,50.0,17,26,43,15,10,5,12,13,-14
"
DET

",02/03/2013,DET vs. LAL,L,240,97,41,92,44.6,5,14,35.7,10,15,66.7,10,37,47,26,10,8,14,18,-1
"
DET

",02/01/2013,DET vs. CLE,W,239,117,45,83,54.2,4,14,28.6,23,43,53.5,13,36,49,27,8,11,11,21,18
"
DET

",01/30/2013,DET @ IND,L,240,79,32,88,36.4,3,18,16.7,12,27,44.4,16,28,44,11,8,10,13,17,-19
"
DET

",01/29/2013,DET vs. MIL,L,240,90,34,84,40.5,2,11,18.2,20,28,71.4,21,30,51,18,7,4,20,20,-27
"
DET

",01/27/2013,DET @ ORL,W,240,104,40,79,50.6,11,23,47.8,13,18,72.2,7,30,37,25,8,7,12,14,2
"
DET

",01/25/2013,DET @ MIA,L,242,88,34,72,47.2,4,12,33.3,16,23,69.6,12,23,35,11,9,2,18,18,-22
"
DET

",01/23/2013,DET @ CHI,L,240,82,34,82,41.5,4,13,30.8,10,14,71.4,13,24,37,20,6,4,12,22,-3
"
DET

",01/22/2013,DET vs. ORL,W,241,105,42,91,46.2,7,23,30.4,14,21,66.7,16,38,54,23,8,5,8,13,15
"
DET

",01/20/2013,DET vs. BOS,W,239,103,36,78,46.2,9,19,47.4,22,31,71.0,12,38,50,24,9,7,20,23,15
"
DET

",01/17/2013,DET vs. NYK,L,240,87,35,79,44.3,6,17,35.3,11,22,50.0,11,25,36,22,7,4,15,21,-15
"
DET

",01/12/2013,DET vs. UTA,L,239,87,34,65,52.3,6,16,37.5,13,21,61.9,7,25,32,21,9,6,17,22,-3
"
DET

",01/11/2013,DET @ MIL,W,241,103,39,90,43.3,8,22,36.4,17,25,68.0,14,37,51,24,8,8,12,13,16
"
DET

",01/06/2013,DET vs. CHA,L,265,101,40,80,50.0,8,26,30.8,13,19,68.4,14,30,44,22,5,11,22,27,-7
"
DET

",01/04/2013,DET vs. ATL,W,240,85,35,85,41.2,3,15,20.0,12,21,57.1,17,39,56,18,8,9,13,17,1
"
DET

",01/01/2013,DET vs. SAC,W,240,103,39,75,52.0,8,20,40.0,17,22,77.3,13,31,44,19,7,8,17,15,6
"
DET

",12/30/2012,DET vs. MIL,W,240,96,39,82,47.6,6,18,33.3,12,15,80.0,16,31,47,16,5,5,16,13,2
"
DET

",12/28/2012,DET vs. MIA,W,240,109,43,74,58.1,12,19,63.2,11,17,64.7,7,31,38,24,6,2,14,20,10
"
DET

",12/26/2012,DET @ ATL,L,290,119,48,109,44.0,14,27,51.9,9,15,60.0,21,41,62,21,5,5,17,23,-7
"
DET

",12/22/2012,DET @ WAS,W,242,96,36,88,40.9,8,19,42.1,16,20,80.0,19,39,58,22,7,3,17,25,9
"
DET

",12/21/2012,DET vs. WAS,W,240,100,38,90,42.2,10,24,41.7,14,21,66.7,16,42,58,24,4,13,12,18,32
"
DET

",12/19/2012,DET @ TOR,L,240,91,35,84,41.7,3,12,25.0,18,30,60.0,22,22,44,15,4,2,10,19,-6
"
DET

",12/17/2012,DET vs. LAC,L,241,76,29,71,40.8,7,20,35.0,11,19,57.9,8,26,34,15,4,7,15,17,-12
"
DET

",12/15/2012,DET vs. IND,L,239,77,32,83,38.6,3,13,23.1,10,15,66.7,11,30,41,18,5,4,10,16,-11
"
DET

",12/14/2012,DET @ BKN,L,289,105,40,99,40.4,5,16,31.3,20,26,76.9,18,36,54,21,5,4,11,21,-2
"
DET

",12/11/2012,DET vs. DEN,L,240,94,34,81,42.0,5,13,38.5,21,31,67.7,14,37,51,18,8,10,16,28,-7
"
DET

",12/10/2012,DET @ PHI,L,239,97,32,81,39.5,5,18,27.8,28,33,84.8,14,26,40,18,7,5,13,20,-7
"
DET

",12/08/2012,DET @ CLE,W,239,104,35,75,46.7,9,15,60.0,25,33,75.8,10,25,35,17,5,5,9,22,7
"
DET

",12/07/2012,DET vs. CHI,L,241,104,36,70,51.4,8,14,57.1,24,31,77.4,5,23,28,14,6,1,8,19,-4
"
DET

",12/05/2012,DET vs. GSW,L,241,97,35,79,44.3,6,21,28.6,21,31,67.7,15,29,44,22,4,5,17,26,-7
"
DET

",12/03/2012,DET vs. CLE,W,241,89,36,84,42.9,4,18,22.2,13,19,68.4,15,34,49,21,6,13,11,16,10
"
DET

",12/01/2012,DET @ DAL,L,240,77,29,85,34.1,5,21,23.8,14,18,77.8,15,37,52,16,7,7,15,15,-15
"
DET

",11/30/2012,DET @ MEM,L,240,78,29,72,40.3,4,16,25.0,16,20,80.0,11,35,46,15,7,5,22,20,-12
"
DET

",11/28/2012,DET vs. PHX,W,241,117,40,76,52.6,12,16,75.0,25,35,71.4,8,35,43,28,9,5,12,19,40
"
DET

",11/26/2012,DET vs. POR,W,240,108,42,80,52.5,9,15,60.0,15,22,68.2,12,35,47,26,6,5,16,25,7
"
DET

",11/25/2012,DET @ NYK,L,240,100,37,78,47.4,9,20,45.0,17,22,77.3,10,28,38,20,6,4,19,22,-21
"
DET

",11/23/2012,DET vs. TOR,W,238,91,36,78,46.2,4,13,30.8,15,26,57.7,15,31,46,17,4,2,14,22,1
"
DET

",11/21/2012,DET @ ORL,L,241,74,28,85,32.9,3,17,17.6,15,22,68.2,13,35,48,15,5,2,14,16,-16
"
DET

",11/18/2012,DET vs. BOS,W,241,103,39,72,54.2,4,11,36.4,21,26,80.8,7,32,39,23,8,1,16,22,20
"
DET

",11/16/2012,DET vs. ORL,L,239,106,44,82,53.7,2,8,25.0,16,20,80.0,6,24,30,21,8,4,14,18,-4
"
DET

",11/14/2012,DET @ PHI,W,240,94,35,73,47.9,3,7,42.9,21,31,67.7,12,45,57,27,3,7,17,25,18
"
DET

",11/12/2012,DET vs. OKC,L,242,90,33,83,39.8,6,17,35.3,18,27,66.7,13,26,39,22,8,7,11,28,-2
"
DET

",11/10/2012,DET @ HOU,L,241,82,32,80,40.0,7,20,35.0,11,16,68.8,11,34,45,17,8,9,16,16,-14
"
DET

",11/09/2012,DET @ OKC,L,240,94,36,87,41.4,6,19,31.6,16,22,72.7,16,25,41,24,8,4,15,19,-11
"
DET

",11/07/2012,DET @ SAC,L,239,103,36,73,49.3,8,22,36.4,23,31,74.2,10,23,33,23,4,6,17,20,-2
"
DET

",11/06/2012,DET @ DEN,L,239,97,35,78,44.9,6,12,50.0,21,25,84.0,8,27,35,26,6,9,13,19,-12
"
DET

",11/04/2012,DET @ LAL,L,239,79,28,79,35.4,4,13,30.8,19,23,82.6,13,20,33,19,5,5,16,20,-29
"
DET

",11/02/2012,DET @ PHX,L,240,89,37,90,41.1,4,13,30.8,11,19,57.9,10,29,39,20,2,5,9,19,-3
"
DET

",10/31/2012,DET vs. HOU,L,241,96,35,79,44.3,6,16,37.5,20,26,76.9,10,26,36,21,12,4,16,15,-9
"
DET

",10/26/2012,DET vs. ATL,W,240,104,40,78,51.3,7,23,30.4,17,23,73.9,13,35,48,21,9,6,23,26,16
"
DET

",10/24/2012,DET @ MIN,L,239,76,23,70,32.9,5,16,31.3,25,36,69.4,4,30,34,13,8,3,11,19,-19
"
DET

",10/20/2012,DET vs. CHA,W,239,85,28,75,37.3,5,20,25.0,24,32,75.0,9,39,48,17,6,6,20,28,5
"
DET

",10/18/2012,DET @ MIA,L,241,78,31,88,35.2,2,16,12.5,14,23,60.9,12,32,44,15,4,1,16,23,-27
"
DET

",10/16/2012,DET vs. ORL,W,238,112,44,81,54.3,10,21,47.6,14,22,63.6,11,26,37,26,9,4,16,14,26
"
DET

",10/13/2012,DET @ MIL,L,240,91,34,87,39.1,8,24,33.3,15,23,65.2,13,29,42,23,9,4,20,31,-17
"
DET

",10/12/2012,DET @ TOR,L,239,75,26,75,34.7,4,18,22.2,19,26,73.1,14,31,45,16,11,7,23,28,-7
"
DET

",10/10/2012,DET vs. TOR,W,240,101,41,81,50.6,0,13,0.0,19,27,70.4,14,33,47,24,8,5,15,22,2
"
DET

",04/26/2012,DET vs. PHI,W,242,108,41,81,50.6,14,32,43.8,12,16,75.0,10,33,43,29,6,5,13,14,22
"
DET

",04/23/2012,DET @ IND,L,241,97,38,83,45.8,8,16,50.0,13,22,59.1,15,27,42,16,8,9,18,26,-6
"
DET

",04/22/2012,DET vs. TOR,W,240,76,26,71,36.6,2,15,13.3,22,35,62.9,8,32,40,16,5,4,12,10,3
"
DET

",04/19/2012,DET vs. MIN,L,240,80,33,91,36.3,7,19,36.8,7,9,77.8,11,32,43,14,5,2,13,21,-11
"
DET

",04/18/2012,DET @ ATL,L,241,84,32,92,34.8,7,25,28.0,13,19,68.4,15,37,52,17,4,4,14,19,-32
"
DET

",04/17/2012,DET vs. CLE,W,242,116,45,75,60.0,8,18,44.4,18,20,90.0,7,34,41,28,12,10,12,19,39
"
DET

",04/15/2012,DET vs. CHI,L,266,94,33,84,39.3,6,15,40.0,22,28,78.6,10,31,41,16,11,6,18,22,-6
"
DET

",04/13/2012,DET vs. MIL,L,240,97,37,78,47.4,3,10,30.0,20,24,83.3,7,30,37,20,5,5,15,19,-16
"
DET

",04/12/2012,DET @ CHA,W,241,109,43,82,52.4,5,13,38.5,18,21,85.7,13,30,43,28,6,2,10,25,24
"
DET

",04/09/2012,DET @ ORL,L,241,89,30,74,40.5,7,20,35.0,22,26,84.6,10,23,33,14,6,2,13,17,-30
"
DET

",04/08/2012,DET @ MIA,L,238,75,28,75,37.3,3,19,15.8,16,23,69.6,16,28,44,8,6,3,19,27,-23
"
DET

",04/06/2012,DET @ ATL,L,239,96,37,78,47.4,7,15,46.7,15,22,68.2,9,29,38,16,4,8,16,28,-5
"
DET

",04/05/2012,DET vs. WAS,W,240,99,36,68,52.9,4,10,40.0,23,39,59.0,11,29,40,16,7,2,19,23,5
"
DET

",04/03/2012,DET vs. ORL,W,241,102,43,76,56.6,3,11,27.3,13,19,68.4,12,33,45,25,6,5,14,17,7
"
DET

",03/31/2012,DET vs. CHA,W,264,110,45,87,51.7,4,10,40.0,16,22,72.7,15,31,46,19,8,4,16,21,3
"
DET

",03/30/2012,DET @ CHI,L,240,71,31,84,36.9,3,11,27.3,6,7,85.7,16,21,37,15,8,4,11,19,-12
"
DET

",03/28/2012,DET @ CLE,W,240,87,35,83,42.2,7,15,46.7,10,16,62.5,13,36,49,18,7,11,10,13,12
"
DET

",03/26/2012,DET @ WAS,W,239,79,28,76,36.8,3,13,23.1,20,27,74.1,15,34,49,12,8,5,18,23,2
"
DET

",03/24/2012,DET @ NYK,L,240,79,28,76,36.8,6,19,31.6,17,22,77.3,8,22,30,13,12,5,16,19,-22
"
DET

",03/23/2012,DET vs. MIA,L,240,73,29,75,38.7,6,15,40.0,9,17,52.9,11,27,38,16,10,2,21,20,-15
"
DET

",03/21/2012,DET @ DEN,L,240,115,40,79,50.6,14,18,77.8,21,30,70.0,7,23,30,26,13,5,11,17,-1
"
DET

",03/18/2012,DET @ LAC,L,266,83,31,81,38.3,2,16,12.5,19,23,82.6,13,34,47,16,3,8,17,20,-4
"
DET

",03/16/2012,DET @ PHX,L,241,101,40,78,51.3,8,15,53.3,13,18,72.2,8,24,32,23,6,3,15,16,-8
"
DET

",03/14/2012,DET @ SAC,W,241,124,50,86,58.1,8,13,61.5,16,20,80.0,10,27,37,29,6,2,10,20,12
"
DET

",03/12/2012,DET @ UTA,L,240,90,34,71,47.9,3,12,25.0,19,28,67.9,5,24,29,18,7,5,12,19,-15
"
DET

",03/10/2012,DET vs. TOR,W,239,105,39,74,52.7,7,21,33.3,20,25,80.0,7,32,39,22,10,4,13,23,19
"
DET

",03/09/2012,DET vs. ATL,W,241,86,38,68,55.9,1,8,12.5,9,15,60.0,8,29,37,23,3,4,20,22,1
"
DET

",03/06/2012,DET vs. LAL,W,265,88,37,93,39.8,3,10,30.0,11,12,91.7,14,34,48,17,4,1,7,19,3
"
DET

",03/03/2012,DET @ MEM,L,238,83,29,76,38.2,2,9,22.2,23,29,79.3,14,24,38,15,6,3,17,18,-17
"
DET

",02/29/2012,DET vs. CHA,W,241,109,42,84,50.0,1,10,10.0,24,32,75.0,18,37,55,17,3,8,13,25,15
"
DET

",02/28/2012,DET vs. PHI,L,241,68,25,79,31.6,2,10,20.0,16,20,80.0,15,27,42,14,5,0,22,11,-29
"
DET

",02/22/2012,DET @ TOR,L,239,93,35,84,41.7,2,12,16.7,21,27,77.8,14,23,37,16,7,7,10,23,-10
"
DET

",02/21/2012,DET @ CLE,L,240,100,37,95,38.9,7,17,41.2,19,24,79.2,16,28,44,22,9,8,11,23,-1
"
DET

",02/19/2012,DET vs. BOS,W,242,96,31,82,37.8,5,9,55.6,29,46,63.0,16,27,43,14,13,4,14,19,15
"
DET

",02/17/2012,DET vs. SAC,W,241,114,43,93,46.2,6,12,50.0,22,25,88.0,16,32,48,21,7,4,12,15,6
"
DET

",02/15/2012,DET @ BOS,W,242,98,35,74,47.3,4,12,33.3,24,29,82.8,11,33,44,16,5,2,11,23,10
"
DET

",02/14/2012,DET vs. SAS,L,240,95,39,84,46.4,3,13,23.1,14,25,56.0,11,32,43,22,5,5,13,24,-4
"
DET

",02/12/2012,DET vs. WAS,L,241,77,29,89,32.6,1,11,9.1,18,19,94.7,15,27,42,17,10,2,17,18,-21
"
DET

",02/10/2012,DET vs. NJN,W,241,109,43,79,54.4,4,10,40.0,19,25,76.0,15,32,47,25,9,6,20,25,17
"
DET

",02/08/2012,DET @ NJN,W,241,99,39,73,53.4,2,9,22.2,19,29,65.5,12,29,41,29,10,6,12,21,7
"
DET

",02/04/2012,DET vs. NOH,W,240,89,35,78,44.9,2,10,20.0,17,23,73.9,15,27,42,19,7,2,13,14,2
"
DET

",02/03/2012,DET vs. MIL,W,239,88,34,81,42.0,4,14,28.6,16,19,84.2,11,36,47,19,7,6,15,19,8
"
DET

",02/01/2012,DET @ NJN,L,239,96,40,82,48.8,5,18,27.8,11,14,78.6,11,20,31,18,3,2,9,21,-3
"
DET

",01/31/2012,DET @ NYK,L,241,86,32,71,45.1,3,9,33.3,19,25,76.0,10,25,35,13,6,1,20,22,-27
"
DET

",01/30/2012,DET @ MIL,L,241,82,32,83,38.6,1,9,11.1,17,20,85.0,17,25,42,22,9,3,16,20,-21
"
DET

",01/28/2012,DET @ PHI,L,240,74,29,83,34.9,3,11,27.3,13,17,76.5,11,33,44,18,2,3,10,11,-21
"
DET

",01/27/2012,DET vs. ATL,L,265,101,38,93,40.9,7,16,43.8,18,22,81.8,12,32,44,24,7,4,10,22,-6
"
DET

",01/25/2012,DET vs. MIA,L,239,98,36,72,50.0,7,22,31.8,19,25,76.0,14,29,43,19,5,6,17,24,-3
"
DET

",01/23/2012,DET @ OKC,L,241,79,28,82,34.1,4,14,28.6,19,27,70.4,11,27,38,14,10,1,9,11,-20
"
DET

",01/21/2012,DET vs. POR,W,240,94,30,67,44.8,7,15,46.7,27,32,84.4,8,26,34,13,5,8,11,21,3
"
DET

",01/20/2012,DET vs. MEM,L,240,81,29,66,43.9,4,10,40.0,19,26,73.1,13,25,38,17,8,3,25,16,-17
"
DET

",01/18/2012,DET @ MIN,L,241,85,35,79,44.3,5,11,45.5,10,21,47.6,14,27,41,15,10,5,18,27,-8
"
DET

",01/17/2012,DET @ HOU,L,241,80,34,83,41.0,4,13,30.8,8,9,88.9,14,21,35,17,10,7,18,16,-17
"
DET

",01/15/2012,DET vs. GSW,L,240,91,31,74,41.9,7,19,36.8,22,26,84.6,7,25,32,23,7,3,13,19,-8
"
DET

",01/13/2012,DET @ CHA,W,239,98,40,82,48.8,7,14,50.0,11,16,68.8,13,33,46,26,7,6,11,17,17
"
DET

",01/12/2012,DET @ MIL,L,240,93,33,74,44.6,3,5,60.0,24,24,100.0,10,25,35,18,6,3,16,21,-9
"
DET

",01/10/2012,DET vs. DAL,L,241,86,30,69,43.5,6,13,46.2,20,25,80.0,5,24,29,17,7,2,20,18,-14
"
DET

",01/09/2012,DET @ CHI,L,241,68,28,71,39.4,1,4,25.0,11,14,78.6,10,27,37,14,2,5,18,21,-24
"
DET

",01/07/2012,DET vs. NYK,L,241,80,29,78,37.2,9,26,34.6,13,22,59.1,15,26,41,17,8,5,20,21,-23
"
DET

",01/06/2012,DET @ PHI,L,240,73,31,86,36.0,0,10,0.0,11,14,78.6,14,28,42,18,9,3,14,17,-23
"
DET

",01/04/2012,DET vs. CHI,L,240,83,36,88,40.9,1,6,16.7,10,12,83.3,11,27,38,18,9,1,11,16,-16
"
DET

",01/02/2012,DET vs. ORL,W,241,89,31,62,50.0,2,8,25.0,25,33,75.8,11,28,39,19,8,3,17,19,11
"
DET

",12/31/2011,DET vs. IND,W,240,96,39,82,47.6,8,15,53.3,10,13,76.9,10,39,49,25,4,2,18,23,8
"
DET

",12/30/2011,DET @ BOS,L,241,85,34,79,43.0,3,16,18.8,14,15,93.3,12,23,35,18,3,0,9,14,-11
"
DET

",12/28/2011,DET vs. CLE,L,241,89,36,81,44.4,9,21,42.9,8,11,72.7,10,16,26,16,11,1,16,21,-16
"
DET

",12/26/2011,DET @ IND,L,242,79,27,75,36.0,7,19,36.8,18,21,85.7,9,31,40,17,5,8,16,19,-12
"
DET

",12/20/2011,DET @ CLE,W,240,90,26,70,37.1,8,18,44.4,30,33,90.9,10,36,46,13,8,5,24,25,1
"
DET

",12/16/2011,DET vs. CLE,L,241,87,29,77,37.7,6,19,31.6,23,35,65.7,11,34,45,15,9,10,21,39,-4
"
DET

",04/13/2011,DET @ PHI,W,241,104,37,76,48.7,6,17,35.3,24,31,77.4,4,37,41,26,5,5,11,17,4
"
DET

",04/11/2011,DET vs. CLE,L,240,101,38,74,51.4,4,9,44.4,21,28,75.0,12,33,45,22,3,7,16,27,-9
"
DET

",04/10/2011,DET @ CHA,W,240,112,45,81,55.6,8,19,42.1,14,19,73.7,11,28,39,32,9,4,13,19,11
"
DET

",04/08/2011,DET vs. MIL,W,240,110,40,80,50.0,2,11,18.2,28,31,90.3,15,34,49,21,3,4,14,14,10
"
DET

",04/06/2011,DET vs. NJN,W,240,116,43,78,55.1,1,7,14.3,29,32,90.6,12,30,42,28,6,5,13,24,7
"
DET

",04/05/2011,DET @ WAS,L,241,105,43,98,43.9,5,17,29.4,14,20,70.0,20,27,47,18,10,3,16,22,-2
"
DET

",04/03/2011,DET @ BOS,L,239,90,34,80,42.5,8,21,38.1,14,17,82.4,8,18,26,17,16,0,9,13,-11
"
DET

",04/01/2011,DET vs. CHI,L,241,96,39,75,52.0,3,9,33.3,15,21,71.4,10,27,37,21,9,3,20,20,-5
"
DET

",03/30/2011,DET @ IND,L,240,101,42,83,50.6,1,8,12.5,16,20,80.0,14,28,42,20,11,4,18,22,-10
"
DET

",03/26/2011,DET vs. IND,W,240,100,39,76,51.3,8,14,57.1,14,21,66.7,10,29,39,23,10,3,17,20,12
"
DET

",03/25/2011,DET @ CLE,L,241,91,37,87,42.5,4,13,30.8,13,20,65.0,14,25,39,19,8,8,12,19,-6
"
DET

",03/23/2011,DET vs. MIA,L,241,94,35,71,49.3,4,13,30.8,20,26,76.9,8,29,37,28,6,1,12,26,-6
"
DET

",03/20/2011,DET @ ATL,L,239,96,39,78,50.0,5,15,33.3,13,17,76.5,9,25,34,23,5,3,11,21,-8
"
DET

",03/18/2011,DET vs. NYK,W,240,99,40,84,47.6,5,13,38.5,14,21,66.7,12,26,38,26,14,5,10,17,4
"
DET

",03/16/2011,DET vs. TOR,W,240,107,42,81,51.9,8,21,38.1,15,23,65.2,11,31,42,33,6,6,9,14,14
"
DET

",03/12/2011,DET @ DEN,L,242,101,44,88,50.0,6,16,37.5,7,7,100.0,8,25,33,24,7,1,12,20,-30
"
DET

",03/11/2011,DET @ OKC,L,240,94,38,78,48.7,6,12,50.0,12,17,70.6,13,25,38,24,4,2,15,19,-10
"
DET

",03/09/2011,DET @ SAS,L,240,104,42,93,45.2,6,13,46.2,14,20,70.0,20,19,39,22,7,1,12,23,-7
"
DET

",03/06/2011,DET vs. WAS,W,241,113,47,91,51.6,7,18,38.9,12,14,85.7,11,34,45,29,2,7,9,25,11
"
DET

",03/02/2011,DET vs. MIN,L,240,105,39,89,43.8,5,25,20.0,22,31,71.0,14,24,38,29,10,5,10,24,-11
"
DET

",03/01/2011,DET @ MIL,L,240,90,36,89,40.4,4,16,25.0,14,20,70.0,17,29,46,18,7,4,14,21,-2
"
DET

",02/26/2011,DET vs. UTA,W,240,120,43,86,50.0,11,17,64.7,23,31,74.2,15,26,41,22,11,1,10,30,4
"
DET

",02/25/2011,DET @ PHI,L,240,94,37,78,47.4,4,11,36.4,16,22,72.7,6,26,32,19,8,2,14,16,-16
"
DET

",02/23/2011,DET @ IND,L,239,101,40,82,48.8,7,14,50.0,14,21,66.7,15,28,43,21,6,5,16,19,-1
"
DET

",02/22/2011,DET vs. HOU,L,241,100,41,93,44.1,4,14,28.6,14,15,93.3,17,26,43,19,5,4,8,16,-8
"
DET

",02/16/2011,DET vs. IND,W,264,115,50,97,51.5,2,9,22.2,13,19,68.4,17,28,45,26,8,6,8,15,6
"
DET

",02/14/2011,DET vs. ATL,L,241,79,27,70,38.6,10,19,52.6,15,19,78.9,10,16,26,20,9,2,11,14,-15
"
DET

",02/13/2011,DET vs. POR,L,242,100,35,68,51.5,6,10,60.0,24,30,80.0,9,23,32,23,11,2,18,21,-5
"
DET

",02/11/2011,DET vs. MIA,L,238,92,34,80,42.5,8,24,33.3,16,19,84.2,12,23,35,20,10,5,13,21,-14
"
DET

",02/09/2011,DET @ CLE,W,240,103,39,90,43.3,9,19,47.4,16,22,72.7,17,27,44,27,10,3,10,21,9
"
DET

",02/08/2011,DET vs. SAS,L,239,89,36,83,43.4,3,11,27.3,14,19,73.7,9,26,35,14,8,2,6,15,-11
"
DET

",02/05/2011,DET @ MIL,W,239,89,35,68,51.5,2,8,25.0,17,24,70.8,5,33,38,18,3,1,15,18,11
"
DET

",02/04/2011,DET vs. NJN,W,241,92,40,83,48.2,3,10,30.0,9,18,50.0,14,26,40,18,6,7,7,15,10
"
DET

",02/02/2011,DET vs. CHA,L,239,87,34,78,43.6,7,19,36.8,12,17,70.6,6,24,30,23,7,8,10,21,-10
"
DET

",01/30/2011,DET @ NYK,L,239,106,40,79,50.6,12,22,54.5,14,21,66.7,11,21,32,19,5,1,14,24,-18
"
DET

",01/28/2011,DET @ MIA,L,239,87,35,92,38.0,8,24,33.3,9,11,81.8,17,26,43,22,5,6,6,18,-1
"
DET

",01/26/2011,DET vs. DEN,L,238,100,35,79,44.3,5,15,33.3,25,32,78.1,13,30,43,19,4,6,8,28,-9
"
DET

",01/24/2011,DET @ ORL,W,240,103,37,81,45.7,7,14,50.0,22,33,66.7,10,29,39,17,9,2,6,23,7
"
DET

",01/22/2011,DET vs. PHX,W,239,75,29,81,35.8,3,10,30.0,14,17,82.4,13,33,46,16,10,2,8,13,1
"
DET

",01/21/2011,DET @ NJN,L,239,74,25,75,33.3,4,12,33.3,20,29,69.0,12,23,35,12,5,3,11,18,-15
"
DET

",01/19/2011,DET @ BOS,L,240,82,31,74,41.9,4,15,26.7,16,22,72.7,5,29,34,19,9,6,13,24,-4
"
DET

",01/17/2011,DET vs. DAL,W,240,103,42,73,57.5,4,12,33.3,15,19,78.9,9,24,33,24,6,2,10,16,14
"
DET

",01/15/2011,DET vs. SAC,W,240,110,43,77,55.8,2,8,25.0,22,29,75.9,7,23,30,20,10,3,10,19,4
"
DET

",01/14/2011,DET @ TOR,W,242,101,37,83,44.6,6,13,46.2,21,28,75.0,15,29,44,16,8,4,8,17,6
"
DET

",01/12/2011,DET vs. MEM,L,238,99,36,82,43.9,6,21,28.6,21,26,80.8,14,23,37,22,6,4,15,25,-8
"
DET

",01/10/2011,DET @ CHI,L,241,82,31,80,38.8,5,18,27.8,15,22,68.2,15,28,43,19,8,4,14,20,-13
"
DET

",01/08/2011,DET vs. PHI,W,265,112,41,92,44.6,8,15,53.3,22,34,64.7,15,38,53,24,8,6,11,23,3
"
DET

",01/04/2011,DET @ LAL,L,240,83,32,72,44.4,3,13,23.1,16,24,66.7,10,27,37,22,4,2,16,19,-25
"
DET

",01/03/2011,DET @ UTA,L,238,97,37,81,45.7,7,21,33.3,16,21,76.2,9,30,39,24,3,3,7,23,-5
"
DET

",12/31/2010,DET @ PHX,L,240,75,31,76,40.8,5,20,25.0,8,18,44.4,13,27,40,18,11,4,14,19,-17
"
DET

",12/29/2010,DET vs. BOS,W,240,104,39,70,55.7,10,15,66.7,16,21,76.2,5,24,29,27,11,4,14,18,12
"
DET

",12/27/2010,DET @ CHA,L,240,100,38,87,43.7,11,19,57.9,13,16,81.3,10,22,32,22,13,5,13,16,-5
"
DET

",12/26/2010,DET vs. CHI,L,265,92,38,89,42.7,3,13,23.1,13,16,81.3,11,28,39,19,4,8,9,23,-3
"
DET

",12/22/2010,DET @ TOR,W,240,115,46,90,51.1,8,23,34.8,15,19,78.9,8,26,34,27,13,4,8,18,22
"
DET

",12/19/2010,DET vs. NOH,W,265,111,44,83,53.0,10,23,43.5,13,23,56.5,7,30,37,26,8,7,17,23,3
"
DET

",12/17/2010,DET vs. LAC,L,240,88,33,82,40.2,4,14,28.6,18,27,66.7,14,21,35,19,6,4,14,15,-21
"
DET

",12/14/2010,DET vs. ATL,W,240,103,37,78,47.4,10,22,45.5,19,21,90.5,10,33,43,26,9,6,12,15,23
"
DET

",12/11/2010,DET vs. TOR,L,239,116,47,89,52.8,6,16,37.5,16,23,69.6,15,24,39,30,9,2,12,25,-4
"
DET

",12/10/2010,DET @ MIN,L,241,99,32,83,38.6,4,12,33.3,31,36,86.1,14,24,38,20,6,5,12,20,-10
"
DET

",12/08/2010,DET @ NOH,L,240,74,30,80,37.5,4,20,20.0,10,18,55.6,14,30,44,15,8,6,12,21,-19
"
DET

",12/07/2010,DET @ HOU,L,241,83,30,72,41.7,6,17,35.3,17,21,81.0,9,27,36,14,7,4,18,21,-14
"
DET

",12/05/2010,DET vs. CLE,W,240,102,38,81,46.9,9,20,45.0,17,21,81.0,14,30,44,23,6,7,15,19,10
"
DET

",12/03/2010,DET vs. ORL,L,239,91,34,70,48.6,9,18,50.0,14,19,73.7,3,19,22,24,7,2,12,18,-13
"
DET

",12/01/2010,DET @ MIA,L,240,72,28,76,36.8,5,19,26.3,11,19,57.9,13,26,39,11,5,3,16,16,-25
"
DET

",11/30/2010,DET @ ORL,L,240,79,32,75,42.7,4,16,25.0,11,12,91.7,8,28,36,22,9,5,13,20,-11
"
DET

",11/28/2010,DET vs. NYK,L,290,116,42,92,45.7,5,13,38.5,27,28,96.4,10,31,41,25,8,4,13,26,-9
"
DET

",11/26/2010,DET vs. MIL,W,239,103,41,73,56.2,7,14,50.0,14,17,82.4,7,29,36,28,5,4,15,22,14
"
DET

",11/24/2010,DET @ MEM,L,240,84,32,80,40.0,3,10,30.0,17,20,85.0,11,30,41,11,3,5,13,16,-21
"
DET

",11/23/2010,DET @ DAL,L,240,84,31,73,42.5,3,8,37.5,19,26,73.1,11,35,46,11,1,3,15,19,-4
"
DET

",11/21/2010,DET vs. WAS,W,266,115,45,92,48.9,7,15,46.7,18,28,64.3,15,29,44,23,5,4,9,19,5
"
DET

",11/17/2010,DET vs. LAL,L,238,90,35,89,39.3,4,16,25.0,16,21,76.2,11,30,41,18,5,5,5,20,-13
"
DET

",11/15/2010,DET @ GSW,L,239,97,33,74,44.6,7,19,36.8,24,36,66.7,9,33,42,22,8,3,16,20,-4
"
DET

",11/14/2010,DET @ SAC,W,240,100,41,76,53.9,3,9,33.3,15,19,78.9,9,28,37,18,7,5,12,17,6
"
DET

",11/12/2010,DET @ LAC,W,264,113,39,82,47.6,11,18,61.1,24,36,66.7,7,27,34,21,10,3,11,25,6
"
DET

",11/09/2010,DET @ POR,L,239,78,31,73,42.5,6,17,35.3,10,18,55.6,6,27,33,16,7,5,17,18,-22
"
DET

",11/07/2010,DET vs. GSW,W,240,102,37,82,45.1,9,17,52.9,19,28,67.9,13,33,46,27,8,4,11,17,5
"
DET

",11/05/2010,DET vs. CHA,W,241,97,32,75,42.7,7,13,53.8,26,27,96.3,9,22,31,14,11,3,12,13,7
"
DET

",11/03/2010,DET @ ATL,L,241,85,36,90,40.0,3,17,17.6,10,15,66.7,17,21,38,21,7,2,8,21,-9
"
DET

",11/02/2010,DET vs. BOS,L,239,86,35,78,44.9,2,9,22.2,14,20,70.0,11,27,38,13,2,2,17,19,-23
"
DET

",10/30/2010,DET @ CHI,L,242,91,31,82,37.8,5,18,27.8,24,35,68.6,12,32,44,14,8,7,16,25,-10
"
DET

",10/29/2010,DET vs. OKC,L,240,104,40,85,47.1,8,12,66.7,16,20,80.0,15,28,43,16,1,7,18,27,-1
"
DET

",10/27/2010,DET @ NJN,L,240,98,37,83,44.6,8,19,42.1,16,30,53.3,10,27,37,21,7,3,6,19,-3
"
DET

",10/22/2010,DET vs. MEM,L,240,103,36,80,45.0,7,22,31.8,24,29,82.8,11,28,39,22,6,3,14,16,-3
"
DET

",10/19/2010,DET vs. WAS,W,242,98,37,78,47.4,2,9,22.2,22,27,81.5,8,29,37,21,7,3,17,24,6
"
DET

",10/16/2010,DET @ CHA,L,238,94,34,84,40.5,10,21,47.6,16,24,66.7,11,27,38,20,9,3,17,30,-3
"
DET

",10/15/2010,DET @ MIN,L,241,88,26,77,33.8,4,18,22.2,32,36,88.9,9,32,41,16,11,5,19,26,-11
"
DET

",10/13/2010,DET vs. DAL,L,239,96,35,75,46.7,12,30,40.0,14,17,82.4,6,31,37,29,6,6,15,27,-5
"
DET

",10/11/2010,DET vs. ATL,W,240,94,39,75,52.0,4,9,44.4,12,17,70.6,3,31,34,22,6,3,14,21,9
"
DET

",10/08/2010,DET vs. MIL,W,264,115,43,84,51.2,9,20,45.0,20,23,87.0,9,35,44,28,10,5,22,27,5
"
DET

",10/05/2010,DET @ MIA,L,238,89,26,60,43.3,5,12,41.7,32,46,69.6,8,24,32,13,5,1,17,25,-16
