,PLAYER,TEAM,AGE,GP,W,L,MIN,OFFRTG,DEFRTG,NETRTG,AST%,AST/TO,AST Ratio,OREB%,DREB%,REB%,TO Ratio,eFG%,TS%,USG%,PACE,PIE,FGM,FGA,FGM PG,FGA PG,FG%,GP RANK,W RANK,L RANK,MIN RANK,OFFRTG RANK,DEFRTG RANK,NETRTG RANK,AST% RANK,AST/TO RANK,AST Ratio RANK,OREB% RANK,DREB% RANK,REB% RANK,TO Ratio RANK,eFG% RANK,TS% RANK,USG% RANK,PACE RANK,PIE RANK,FGM RANK,FGA RANK,FGM PG RANK,FGA PG RANK,FG% RANK
,Malcolm Delaney,ATL,28,20,2,18,18.3,99.5,108.2,-8.7,15.7,1.73,23.3,1.6,9.3,5.4,13.5,44.5,48.6,15.4,98.67,5.7
,Dennis Schroder,ATL,24,25,6,19,31.9,104.9,114.4,-9.4,34.6,2.45,22.6,2.7,7.6,5.1,9.2,48.8,52.6,30.1,99.77,11.8
,Josh Magette,ATL,28,8,2,6,8.0,95.1,92.2,2.9,41.5,8.50,51.9,1.8,8.9,5.3,6.1,37.5,47.2,11.3,96.22,10.9
,Ersan Ilyasova,ATL,30,16,5,11,22.4,104.4,108.7,-4.3,7.7,2.25,11.6,7.1,17.2,12.0,5.1,51.2,53.2,17.2,98.95,9.0
,John Collins,ATL,20,21,4,17,23.1,103.3,107.5,-4.3,5.8,0.55,7.0,15.0,19.9,17.4,12.8,59.2,62.2,20.3,99.60,11.3
,DeAndre' Bembry,ATL,23,13,4,9,18.0,103.4,108.7,-5.3,14.0,0.81,16.2,2.5,15.0,8.7,20.1,42.6,45.5,20.6,101.11,4.9
,Dewayne Dedmon,ATL,28,20,4,16,24.3,101.7,109.1,-7.4,9.3,0.80,12.2,9.3,26.4,18.0,15.2,64.7,66.1,18.6,99.41,12.5
,Luke Babbitt,ATL,28,24,5,19,19.1,107.0,110.2,-3.2,6.0,1.36,10.9,1.0,15.6,8.3,8.1,64.2,64.7,14.7,100.80,7.9
,Kent Bazemore,ATL,28,27,6,21,28.7,102.3,108.5,-6.2,19.6,1.44,20.3,1.8,16.5,9.1,14.1,47.1,52.8,22.0,99.98,10.1
,Nicolas Brussino,ATL,24,4,0,4,2.5,114.3,40.5,73.8,0.0,0.00,0.0,0.0,23.1,16.7,0.0,0.0,0.0,8.7,100.84,4.1
,Marco Belinelli,ATL,31,27,6,21,25.4,103.1,110.4,-7.3,14.3,2.20,17.0,0.8,10.0,5.2,7.7,50.0,55.3,19.9,101.27,10.0
,Taurean Prince,ATL,23,27,6,21,31.2,103.5,109.5,-6.1,12.2,1.17,15.2,2.8,16.5,9.6,13.0,52.7,54.8,19.9,100.21,9.1
,Miles Plumlee,ATL,29,8,2,6,14.1,107.9,97.9,10.0,5.4,0.40,9.0,9.1,16.7,13.0,22.5,53.8,54.3,16.2,95.91,7.1
,Tyler Dorsey,ATL,21,9,0,9,5.9,101.0,89.6,11.4,9.7,0.75,11.6,2.4,15.2,9.1,15.5,47.1,50.6,19.5,96.42,7.6
,Tyler Cavanaugh,ATL,23,18,5,13,14.1,108.5,109.8,-1.3,11.5,2.63,19.8,9.3,19.7,14.3,7.5,59.7,61.5,14.7,100.78,8.6
,Mike Muscala,ATL,26,9,1,8,22.4,91.6,106.3,-14.8,7.3,1.13,12.3,5.4,15.5,10.3,10.9,47.1,52.4,13.7,103.39,7.0
,Isaiah Taylor,ATL,23,20,4,16,16.2,108.9,101.2,7.6,19.3,2.05,24.3,1.7,7.6,4.8,11.9,48.5,51.9,17.8,101.80,7.2
,Nik Stauskas,BKN,24,6,3,3,7.5,78.5,95.4,-16.9,3.8,0.25,10.1,0.0,2.2,1.1,40.5,25.0,41.0,8.6,100.75,0.0
,DeMarre Carroll,BKN,31,24,11,13,29.5,101.8,104.3,-2.5,8.8,1.14,10.8,5.6,19.4,12.4,9.5,49.6,54.3,19.3,105.07,10.5
,Sean Kilpatrick,BKN,27,16,6,10,11.4,94.7,107.1,-12.4,13.9,0.94,11.9,0.5,19.3,9.4,12.7,35.1,41.4,25.0,103.30,6.6
,Tyler Zeller,BKN,27,18,7,11,18.8,104.8,102.8,2.0,5.4,0.55,7.6,8.8,16.5,12.7,14.0,62.7,63.7,18.2,101.45,10.9
,Jarrett Allen,BKN,19,18,8,10,16.6,101.3,108.3,-7.0,4.8,1.13,9.3,9.2,14.9,12.0,8.2,55.8,59.4,12.5,103.71,9.1
,Allen Crabbe,BKN,25,23,9,14,27.6,103.3,104.9,-1.6,8.0,1.26,10.7,1.7,13.1,7.4,8.5,51.9,55.0,18.3,106.69,8.3
,Joe Harris,BKN,26,24,11,13,23.9,108.4,108.9,-0.5,7.8,1.41,12.2,2.0,10.9,6.4,8.6,58.7,59.9,16.2,103.83,7.5
,Spencer Dinwiddie,BKN,24,25,11,14,26.5,107.9,104.2,3.7,37.2,5.00,33.6,2.9,10.3,6.6,6.7,48.5,52.4,21.1,101.23,11.9
,D'Angelo Russell,BKN,21,12,4,8,27.7,100.5,109.8,-9.3,38.9,1.42,19.5,2.7,15.0,8.6,13.8,50.7,53.9,33.5,111.00,13.3
,Jahlil Okafor,BKN,21,2,1,1,12.6,90.6,124.3,-33.7,6.7,0.33,6.8,16.0,27.8,20.9,20.3,44.4,46.5,22.5,108.40,2.0
,Quincy Acy,BKN,27,21,10,11,17.4,103.6,105.9,-2.3,5.1,0.59,9.1,3.1,19.7,11.6,15.3,43.8,49.3,15.5,101.87,4.9
,Jacob Wiley,BKN,23,5,1,4,6.7,94.3,81.5,12.8,9.1,0.00,29.1,5.6,23.1,14.7,0.0,37.5,41.0,6.2,100.77,8.4
,Caris LeVert,BKN,23,26,11,15,26.4,101.9,107.8,-5.9,22.4,1.71,22.3,1.9,12.5,7.1,13.1,47.8,51.2,21.0,104.23,8.8
,Timofey Mozgov,BKN,31,19,8,11,13.7,90.8,105.7,-14.9,1.9,0.13,3.1,9.5,21.2,15.0,24.1,59.5,61.1,14.9,105.92,8.0
,Jeremy Lin,BKN,29,1,0,1,25.2,108.9,120.7,-11.8,23.5,1.33,18.1,0.0,0.0,0.0,13.6,45.8,59.7,26.1,119.62,7.1
,Isaiah Whitehead,BKN,22,9,2,7,12.1,95.0,99.5,-4.4,28.8,0.83,16.2,2.7,13.3,8.0,19.4,50.0,52.9,29.8,101.60,10.1
,Rondae Hollis-Jefferson,BKN,22,23,10,13,27.6,104.5,107.2,-2.7,10.9,1.34,11.8,5.0,17.1,10.9,8.8,50.2,57.7,21.2,105.08,12.5
,Gordon Hayward,BOS,27,1,0,1,5.3,100.0,87.2,12.8,0.0,0.00,0.0,0.0,20.0,10.0,0.0,50.0,50.0,15.4,102.03,4.8
,Al Horford,BOS,31,27,21,6,32.7,110.4,100.1,10.3,24.4,2.55,28.4,4.9,21.2,13.7,11.1,59.8,62.2,18.5,97.12,15.2
,Jabari Bird,BOS,23,3,2,1,7.1,122.0,92.9,29.2,6.7,0.00,13.9,0.0,9.1,5.1,0.0,25.0,40.3,13.0,95.23,4.8
,Semi Ojeleye,BOS,23,28,22,6,13.9,99.1,102.2,-3.1,2.4,0.75,6.6,4.7,12.2,8.3,8.8,42.9,45.4,9.9,96.67,3.6
,Kadeem Allen,BOS,24,1,0,1,5.1,96.9,92.2,4.7,0.0,0.00,0.0,16.7,25.0,20.0,34.7,0.0,26.6,23.4,94.80,-3.8
,Marcus Smart,BOS,23,27,21,6,30.3,106.9,97.3,9.6,24.3,2.00,27.9,2.9,10.7,6.9,14.0,39.4,44.2,19.3,98.46,6.5
,Terry Rozier,BOS,23,29,23,6,23.5,101.3,97.6,3.7,14.9,2.95,17.0,3.2,17.2,10.1,5.8,47.2,50.3,18.8,96.80,11.6
,Marcus Morris,BOS,28,16,13,3,24.2,106.2,107.6,-1.4,10.7,1.47,11.0,2.0,22.9,12.6,7.5,47.3,52.5,23.6,97.55,11.0
,Guerschon Yabusele,BOS,21,9,8,1,5.1,99.3,113.6,-14.3,16.7,1.33,16.8,16.0,17.9,16.9,12.6,46.9,50.4,18.5,95.90,8.4
,Jaylen Brown,BOS,21,27,21,6,31.3,106.3,97.9,8.4,6.4,0.76,7.8,4.0,15.9,10.2,10.4,53.8,55.5,21.1,98.57,9.2
,Jayson Tatum,BOS,19,29,23,6,30.6,105.4,99.0,6.4,6.6,1.06,9.7,3.0,16.9,10.2,9.1,58.9,64.3,17.6,98.03,12.2
,Daniel Theis,BOS,25,27,22,5,12.4,101.2,102.5,-1.3,7.5,0.44,9.5,11.6,24.1,17.7,21.6,53.9,57.9,18.0,96.85,9.3
,Aron Baynes,BOS,31,29,23,6,17.7,100.7,91.9,8.8,7.8,0.81,11.7,11.4,20.5,16.0,14.5,49.3,52.8,16.4,96.97,9.5
,Kyrie Irving,BOS,25,27,22,5,32.0,108.0,101.0,7.0,27.6,2.11,17.9,1.9,8.4,5.3,8.4,55.6,60.1,30.6,98.68,15.9
,Abdel Nader,BOS,24,13,11,2,7.7,95.4,128.5,-33.2,6.3,0.67,10.4,2.4,11.1,6.6,15.6,42.9,42.2,15.3,97.80,2.4
,Shane Larkin,BOS,25,20,17,3,10.4,97.3,96.7,0.5,22.5,5.00,24.0,1.5,9.2,5.2,4.8,35.8,41.2,17.0,94.21,5.9
,Julyan Stone,CHA,29,2,1,1,9.1,63.3,96.3,-33.0,28.6,1.00,25.0,0.0,25.0,13.5,25.0,75.0,75.0,13.7,110.58,12.8
,Michael Carter-Williams,CHA,26,15,5,10,17.3,94.3,106.5,-12.2,23.7,1.68,24.9,5.0,14.7,9.3,14.8,30.4,41.2,18.7,99.60,5.8
,Marcus Paige,CHA,24,1,1,0,2.9,0.0,116.7,-116.7,0.0,0.00,0.0,0.0,66.7,22.2,0.0,0.0,0.0,28.6,90.51,0.0
,Treveon Graham,CHA,24,16,6,10,18.0,95.9,103.1,-7.3,12.2,2.56,21.6,4.5,8.3,6.4,8.4,52.9,56.3,12.5,101.67,6.4
,Michael Kidd-Gilchrist,CHA,24,20,9,11,26.6,109.3,103.1,6.2,5.0,2.25,8.6,4.3,13.7,9.1,3.8,50.0,52.5,15.6,100.36,8.3
,Nicolas Batum,CHA,28,12,4,8,29.4,104.2,102.7,1.5,22.6,2.12,25.5,2.1,13.5,7.7,12.0,41.9,46.6,18.7,101.80,8.9
,Johnny O'Bryant III,CHA,24,12,4,8,9.0,82.8,106.3,-23.5,10.0,1.00,7.2,5.7,21.1,12.4,7.2,40.9,46.3,26.0,103.09,11.4
,Marvin Williams,CHA,31,26,10,16,26.6,107.9,104.9,2.9,6.3,2.14,12.2,4.0,13.8,9.0,5.7,59.8,62.9,13.5,101.00,9.8
,Cody Zeller,CHA,25,19,7,12,19.9,100.6,104.2,-3.6,6.6,0.76,10.2,12.3,17.4,14.7,13.3,50.0,56.8,15.9,101.28,8.9
,Frank Kaminsky,CHA,24,23,9,14,23.1,100.2,106.9,-6.7,11.1,1.79,11.9,2.4,16.9,9.5,6.7,48.3,51.8,20.7,101.20,10.0
,Dwayne Bacon,CHA,22,25,10,15,17.4,98.4,104.0,-5.6,7.0,1.43,13.8,0.2,20.0,9.8,9.7,41.5,43.3,12.3,102.07,5.6
,Malik Monk,CHA,19,23,7,16,16.4,93.7,107.9,-14.2,17.3,2.05,16.9,0.5,8.8,4.5,8.2,41.5,43.2,21.6,103.41,5.2
,Mangok Mathiang,CHA,25,1,1,0,3.5,33.3,100.0,-66.7,0.0,0.00,0.0,16.7,25.0,20.0,0.0,0.0,0.0,25.0,90.00,-5.6
,Jeremy Lamb,CHA,25,25,10,15,27.5,106.4,104.4,2.0,17.7,1.76,16.3,2.0,17.4,9.8,9.2,49.3,54.4,24.0,101.41,12.2
,Kemba Walker,CHA,27,24,10,14,35.4,109.7,102.5,7.2,28.2,3.02,22.3,1.7,9.0,5.4,7.4,50.7,57.6,26.7,100.23,14.4
,Dwight Howard,CHA,32,26,10,16,29.8,106.5,103.4,3.1,6.7,0.33,6.3,12.7,30.9,21.9,19.0,56.2,56.4,25.9,100.82,12.0
,Antonio Blakeney,CHI,21,11,1,10,14.9,100.4,109.3,-8.9,7.1,0.88,7.0,2.0,11.6,6.7,8.0,41.6,45.7,25.5,98.39,5.9
,Nikola Mirotic,CHI,26,3,3,0,22.2,106.4,98.7,7.7,0.0,0.00,0.0,3.0,19.4,10.9,2.7,69.4,68.4,24.2,98.34,15.1
,David Nwaba,CHI,24,14,5,9,22.8,104.4,101.3,3.0,10.2,2.44,17.6,3.2,22.5,13.0,7.2,58.7,61.8,14.3,98.78,11.8
,Paul Zipser,CHI,23,23,5,18,16.5,96.1,111.7,-15.7,10.2,1.25,15.2,1.5,20.8,10.9,12.2,38.8,39.3,17.0,95.93,4.6
,Bobby Portis,CHI,22,17,4,13,21.4,106.0,112.9,-6.8,12.3,1.29,11.6,8.8,25.9,16.9,9.0,54.7,57.0,24.8,99.98,13.9
,Jerian Grant,CHI,25,26,6,20,23.9,100.4,111.5,-11.2,33.3,3.72,35.1,2.5,10.3,6.2,9.4,48.1,53.2,17.7,97.28,9.9
,Quincy Pondexter,CHI,29,16,4,12,10.1,85.1,110.7,-25.6,7.4,0.64,10.2,4.6,8.9,6.5,16.1,33.7,42.6,16.4,99.63,1.6
,Cristiano Felicio,CHI,25,21,4,17,14.8,88.4,114.4,-26.0,7.1,0.87,13.6,8.1,14.0,10.8,15.7,62.1,62.8,11.9,97.99,5.7
,Lauri Markkanen,CHI,20,25,5,20,30.7,96.8,106.4,-9.6,7.1,0.91,7.7,3.5,25.2,13.9,8.4,48.8,52.4,22.2,98.31,11.4
,Ryan Arcidiacono,CHI,23,1,0,1,5.3,75.0,159.0,-84.0,25.0,0.00,33.3,0.0,0.0,0.0,0.0,0.0,0.0,15.4,105.27,-8.2
,Kris Dunn,CHI,23,22,5,17,28.0,96.2,105.9,-9.7,30.5,1.67,23.7,2.8,15.9,9.2,14.2,47.1,48.5,25.4,99.65,9.8
,Justin Holiday,CHI,28,25,6,19,33.9,98.8,104.6,-5.8,9.4,1.65,11.8,1.6,12.4,6.8,7.2,46.2,49.4,19.8,99.07,7.5
,Robin Lopez,CHI,29,26,6,20,30.2,99.1,104.5,-5.4,11.3,1.04,12.8,9.0,10.2,9.6,12.3,53.1,55.4,20.3,98.25,8.7
,Denzel Valentine,CHI,24,26,6,20,28.7,93.7,106.9,-13.3,16.8,2.96,21.9,2.7,17.4,9.6,7.4,47.5,48.0,16.3,97.81,8.4
,Kay Felder,CHI,22,14,4,10,9.6,91.0,109.1,-18.1,25.6,1.33,18.8,0.8,11.3,5.7,14.1,33.3,38.6,28.2,100.58,3.7
,Cedi Osman,CLE,22,20,14,6,6.6,105.4,103.9,1.5,4.3,0.57,9.1,2.8,21.9,13.5,16.0,51.6,53.2,14.0,99.11,5.6
,Jose Calderon,CLE,36,19,13,6,16.4,108.7,110.4,-1.7,15.1,2.13,31.5,1.1,7.9,4.4,14.8,60.8,63.3,10.4,95.09,5.0
,Channing Frye,CLE,34,26,18,8,13.0,115.1,101.7,13.5,7.1,2.00,14.7,1.9,17.7,10.6,7.4,59.2,61.0,13.9,100.30,8.3
,JR Smith,CLE,32,28,20,8,30.6,112.4,111.3,1.1,10.6,2.20,20.7,1.5,9.8,5.7,9.4,51.2,51.7,13.2,98.61,4.8
,Dwyane Wade,CLE,35,26,19,7,23.7,111.6,103.2,8.5,25.0,1.92,23.1,3.4,12.6,8.4,12.0,48.6,52.3,24.2,100.70,10.7
,John Holland,CLE,29,4,4,0,4.2,69.0,103.8,-34.8,0.0,0.00,0.0,0.0,11.8,5.9,20.0,37.5,37.5,14.3,91.42,1.9
,Kevin Love,CLE,29,27,19,8,29.2,110.9,111.4,-0.5,10.5,0.96,9.6,10.0,29.8,20.1,9.9,54.1,61.2,26.4,98.63,15.9
,Kyle Korver,CLE,36,28,20,8,22.5,114.7,101.4,13.4,6.4,1.38,10.7,0.6,9.1,5.2,7.8,65.4,67.6,17.0,100.14,9.1
,Jae Crowder,CLE,27,28,20,8,25.8,110.9,111.1,-0.3,5.7,1.07,10.2,3.5,10.2,6.9,9.5,47.3,53.3,15.8,98.94,5.0
,Iman Shumpert,CLE,27,13,9,4,20.8,108.3,103.0,5.3,8.6,1.00,17.4,3.0,12.5,8.1,17.4,44.7,48.7,13.0,100.88,5.1
,Derrick Rose,CLE,29,7,4,3,26.8,106.2,118.8,-12.6,10.2,0.63,9.7,4.2,7.2,5.6,15.4,48.8,54.2,25.1,104.15,6.5
,Ante Zizic,CLE,20,11,7,4,3.6,86.2,105.2,-19.0,5.3,0.50,5.9,12.2,21.1,16.5,11.7,36.4,46.2,18.7,100.06,9.4
,LeBron James,CLE,32,28,20,8,37.2,113.6,109.7,3.9,44.1,2.21,26.2,4.0,20.8,12.7,11.9,63.7,66.4,30.4,98.69,20.8
,Tristan Thompson,CLE,26,9,4,5,19.8,104.1,112.4,-8.3,2.3,0.50,7.7,10.6,22.2,16.2,15.4,60.0,58.6,8.8,100.11,6.6
,London Perrantes,CLE,23,1,1,0,2.6,50.0,189.1,-139.1,0.0,0.00,0.0,0.0,0.0,0.0,0.0,0.0,0.0,20.0,81.91,-19.0
,Jeff Green,CLE,31,28,20,8,21.8,110.8,103.7,7.2,10.3,1.50,13.2,4.8,13.0,9.2,8.8,54.4,60.0,20.7,99.67,10.6
,J.J. Barea,DAL,33,28,8,20,22.6,100.6,103.7,-3.2,41.6,2.65,29.1,1.2,13.9,7.4,11.0,52.3,55.0,26.1,97.84,14.2
,Dennis Smith Jr.,DAL,20,23,7,16,28.1,101.4,111.7,-10.3,25.2,1.37,18.0,3.3,13.1,8.0,13.1,44.5,46.4,29.6,98.21,7.8
,Salah Mejri,DAL,31,24,7,17,11.1,98.4,100.1,-1.7,6.6,1.00,15.3,10.9,25.5,18.1,15.3,70.0,67.8,10.6,95.38,11.6
,Maxi Kleber,DAL,25,22,6,16,17.6,104.2,103.9,0.4,3.6,1.13,7.7,6.7,15.7,10.9,6.9,59.9,60.9,12.9,95.30,7.7
,Dirk Nowitzki,DAL,39,28,8,20,25.0,105.0,108.1,-3.1,10.4,1.96,13.4,1.9,23.2,12.3,6.8,52.3,55.3,19.7,97.34,11.1
,Yogi Ferrell,DAL,24,28,8,20,28.3,100.9,99.6,1.3,12.3,1.69,18.0,1.0,10.3,5.5,10.6,51.1,54.9,15.9,97.49,7.3
,Dorian Finney-Smith,DAL,24,8,2,6,11.7,96.0,102.6,-6.6,9.1,0.71,14.3,4.9,5.9,5.3,20.1,56.8,56.8,13.9,96.69,2.0
,Devin Harris,DAL,34,22,8,14,18.8,110.0,97.3,12.7,15.4,2.00,18.2,2.2,9.4,5.9,9.1,46.3,53.3,21.6,98.03,7.3
,Dwight Powell,DAL,26,27,8,19,17.8,104.1,94.7,9.3,8.6,1.44,13.4,9.3,22.1,15.8,9.2,53.8,55.8,15.9,97.39,12.0
,Jeff Withey,DAL,27,8,2,6,4.5,106.3,83.7,22.6,0.0,0.00,0.0,2.9,24.2,13.4,11.8,42.9,43.7,20.3,102.14,7.5
,Antonius Cleveland,DAL,23,10,5,5,5.8,85.7,89.3,-3.6,5.4,1.00,11.3,3.6,11.7,7.8,11.3,33.3,36.3,12.1,101.21,4.4
,Harrison Barnes,DAL,25,28,8,20,35.1,99.7,110.4,-10.8,10.4,1.14,9.7,3.5,20.3,11.6,8.5,48.0,53.5,24.6,97.90,11.9
,Gian Clavell,DAL,24,7,0,7,9.1,105.1,91.7,13.4,7.1,1.50,12.6,1.7,11.1,6.2,8.4,50.0,53.0,15.0,100.02,4.5
,Nerlens Noel,DAL,23,18,4,14,12.5,93.0,115.7,-22.7,4.8,0.40,7.3,11.6,28.1,18.6,18.2,52.8,58.7,15.1,96.85,9.8
,Wesley Matthews,DAL,31,28,8,20,34.6,101.4,112.6,-11.2,12.8,1.93,17.9,1.0,9.4,5.0,9.3,52.3,54.3,17.0,97.57,6.6
,Torrey Craig,DEN,26,1,0,1,6.2,58.9,120.0,-61.1,0.0,0.00,0.0,0.0,12.5,6.3,0.0,0.0,0.0,7.2,84.93,0.0
,Malik Beasley,DEN,21,24,13,11,10.6,104.6,102.4,2.2,9.2,1.23,13.7,3.2,13.4,8.3,11.1,48.8,50.5,16.6,101.37,7.0
,Darrell Arthur,DEN,29,4,2,2,9.6,99.4,122.1,-22.7,3.6,0.14,4.8,2.7,12.5,7.2,33.3,26.9,26.9,22.9,104.09,-5.2
,Kenneth Faried,DEN,28,23,12,11,16.4,105.5,111.2,-5.7,5.2,0.67,7.4,14.2,22.1,18.0,11.1,58.4,61.8,17.0,97.91,11.9
,Mason Plumlee,DEN,27,27,15,12,18.3,106.4,107.7,-1.3,13.7,1.21,19.3,9.1,20.7,15.0,16.0,56.0,53.8,17.0,101.10,9.0
,Paul Millsap,DEN,32,16,9,7,29.7,109.1,104.6,4.5,16.1,1.52,15.9,5.7,17.9,11.8,10.5,49.5,53.1,24.2,98.82,11.0
,Jamal Murray,DEN,20,27,15,12,26.9,111.7,105.6,6.1,13.2,1.23,13.6,4.5,7.1,5.8,11.0,49.8,54.7,24.5,98.35,8.4
,Will Barton,DEN,26,27,15,12,31.4,106.8,109.3,-2.5,17.1,2.00,18.6,3.0,16.0,9.4,9.3,55.5,57.8,20.8,100.13,11.8
,Emmanuel Mudiay,DEN,21,27,15,12,21.7,100.8,111.1,-10.3,24.4,1.51,21.6,2.4,11.2,6.8,14.3,45.7,50.8,23.5,101.46,8.6
,Wilson Chandler,DEN,30,23,12,11,29.9,108.1,105.0,3.0,10.8,1.64,18.4,4.9,12.3,8.5,11.3,48.4,52.7,15.1,100.12,6.7
,Monte Morris,DEN,22,1,1,0,3.0,50.0,84.1,-34.1,100,0.00,50.0,0.0,0.0,0.0,0.0,0.0,0.0,16.7,114.56,0.0
,Tyler Lydon,DEN,21,1,1,0,2.2,104.2,225.0,-120.8,0.0,0.00,0.0,0.0,0.0,0.0,0.0,0.0,0.0,0.0,76.21,0.0
,Gary Harris,DEN,23,25,14,11,33.5,110.5,104.9,5.6,13.4,1.64,16.6,2.6,7.7,5.2,10.1,55.7,57.9,19.4,98.65,9.2
,Nikola Jokic,DEN,22,21,12,9,29.4,108.4,103.2,5.2,23.8,2.09,23.5,9.7,31.8,20.4,11.2,56.8,60.9,21.6,99.49,18.1
,Juan Hernangomez,DEN,22,14,8,6,13.6,108.7,107.6,1.1,5.7,1.33,12.5,6.7,15.8,10.8,9.4,52.1,53.9,12.7,95.57,6.3
,Richard Jefferson,DEN,37,8,4,4,7.0,85.3,118.6,-33.3,22.6,0.00,31.5,0.0,6.0,2.8,0.0,34.6,36.2,12.0,98.10,3.2
,Trey Lyles,DEN,22,22,12,10,14.1,104.1,110.3,-6.2,8.2,1.00,9.8,5.7,21.8,13.5,9.8,60.1,63.2,19.2,99.26,13.5
,Henry Ellenson,DET,20,10,5,5,9.2,94.3,86.0,8.2,11.1,0.75,10.1,2.2,25.0,13.7,13.5,48.9,49.5,25.4,101.49,12.0
,Luke Kennard,DET,21,22,10,12,16.3,106.4,104.3,2.1,9.7,1.14,13.9,1.0,9.4,5.2,12.2,50.8,52.5,18.4,97.83,6.8
,Andre Drummond,DET,24,27,14,13,33.1,105.7,107.0,-1.4,17.8,1.21,19.9,16.0,36.1,25.6,16.4,53.4,56.4,20.3,97.68,15.2
,Jon Leuer,DET,28,8,5,3,17.1,99.4,96.9,2.5,5.1,0.63,9.0,5.4,21.0,12.9,14.4,41.7,50.5,16.1,102.10,6.8
,Eric Moreland,DET,25,23,12,11,10.3,98.4,104.3,-5.9,10.3,1.38,31.8,13.0,22.0,17.2,23.0,50.0,50.9,7.2,97.77,5.4
,Langston Galloway,DET,26,25,13,12,13.7,105.6,91.4,14.2,7.2,2.43,10.6,1.3,12.5,7.0,4.4,54.6,56.7,18.6,99.75,10.2
,Anthony Tolliver,DET,32,24,12,12,18.7,104.9,99.6,5.2,8.3,1.67,14.2,3.4,13.4,8.2,8.5,55.7,58.5,14.9,97.49,7.8
,Stanley Johnson,DET,21,24,11,13,28.3,102.5,107.6,-5.1,6.7,1.39,13.2,1.5,13.0,7.1,9.5,42.2,45.2,13.8,97.88,4.3
,Tobias Harris,DET,25,27,14,13,33.3,105.7,108.7,-3.0,7.5,1.71,8.5,3.3,16.3,9.4,4.9,55.7,58.6,21.7,97.66,11.6
,Ish Smith,DET,29,27,14,13,20.0,100.7,100.6,0.1,33.4,3.66,27.8,1.7,10.8,6.1,7.6,47.8,49.3,22.5,98.24,11.6
,Avery Bradley,DET,27,27,14,13,31.5,103.5,106.8,-3.3,10.1,0.79,10.0,2.0,7.1,4.4,12.7,49.2,52.4,23.9,98.39,6.9
,Boban Marjanovic,DET,29,8,3,5,7.7,99.5,105.7,-6.2,16.1,0.50,9.1,15.4,18.0,16.7,18.3,60.0,65.5,34.8,101.42,13.1
,Reggie Bullock,DET,26,13,9,4,15.0,97.9,102.8,-4.9,9.2,4.00,21.7,2.5,5.7,3.9,5.4,40.8,41.0,9.5,98.19,4.9
,Reggie Jackson,DET,27,27,14,13,27.6,106.2,107.7,-1.5,31.2,2.15,24.1,3.2,8.9,6.0,11.2,51.8,56.2,25.9,98.35,11.7
,Nick Young,GSW,32,27,21,6,13.1,110.2,102.8,7.4,5.5,0.93,7.4,1.3,9.1,5.4,8.0,60.5,61.6,20.2,102.57,8.3
,Andre Iguodala,GSW,33,24,19,5,26.5,109.0,101.6,7.5,14.7,2.84,30.4,4.3,11.7,8.2,10.7,51.7,54.1,11.2,102.30,7.7
,Jordan Bell,GSW,22,22,19,3,11.3,120.7,98.6,22.2,12.1,1.50,23.1,11.3,17.1,14.6,15.4,74.2,73.7,13.5,104.74,11.8
,Kevon Looney,GSW,21,21,17,4,9.8,110.5,101.4,9.1,5.4,0.67,11.1,10.5,19.2,15.1,16.7,54.5,53.9,13.6,102.41,5.6
,Shaun Livingston,GSW,32,25,19,6,15.9,114.7,97.5,17.2,15.8,2.45,26.1,5.3,7.5,6.6,10.6,49.1,51.8,15.8,100.83,6.8
,Kevin Durant,GSW,29,23,18,5,34.5,116.8,103.9,12.9,22.7,1.49,18.0,2.2,18.2,11.0,12.0,58.4,62.7,29.8,103.81,15.8
,Draymond Green,GSW,27,25,19,6,32.2,113.7,99.6,14.1,28.2,2.69,38.8,4.0,19.8,12.7,14.4,52.8,57.1,15.5,104.34,11.6
,Omri Casspi,GSW,29,24,19,5,14.8,109.2,99.5,9.7,9.8,1.67,16.8,3.4,24.0,14.8,10.1,62.8,65.6,15.5,102.10,12.2
,JaVale McGee,GSW,29,24,19,5,8.1,121.4,110.7,10.7,8.8,1.44,13.8,10.6,16.9,14.0,9.6,54.7,58.4,17.5,105.71,9.0
,David West,GSW,37,26,20,6,12.5,107.2,96.0,11.2,19.9,1.46,20.6,7.7,20.6,14.9,14.0,67.6,68.2,22.6,97.06,17.6
,Zaza Pachulia,GSW,33,25,19,6,14.3,116.6,96.0,20.7,12.8,1.22,22.3,9.9,26.0,18.8,18.3,56.0,60.2,16.1,105.10,10.6
,Quinn Cook,GSW,24,6,5,1,11.2,101.4,109.1,-7.8,23.3,5.00,32.9,1.8,10.3,6.1,6.6,63.9,65.1,14.1,98.22,10.2
,Klay Thompson,GSW,27,28,22,6,33.4,113.2,100.7,12.4,11.8,1.61,12.7,1.7,11.1,6.9,7.9,61.1,62.4,23.7,103.22,11.8
,Patrick McCaw,GSW,22,24,19,5,13.4,112.1,107.4,4.8,14.6,3.60,30.3,1.9,5.6,3.8,8.4,58.7,60.3,11.4,101.60,6.5
,Stephen Curry,GSW,29,23,18,5,32.6,118.9,102.3,16.6,28.1,2.25,21.9,2.4,13.7,8.6,9.7,57.5,64.3,29.8,107.31,16.2
,Tarik Black,HOU,26,18,16,2,8.8,103.0,104.3,-1.2,6.4,0.55,9.0,11.4,23.3,17.3,16.4,54.8,57.1,16.7,100.26,7.3
,Luc Mbah a Moute,HOU,31,23,19,4,26.0,110.6,97.6,13.0,5.2,0.76,11.5,2.6,12.2,7.6,15.1,55.4,57.1,12.5,101.24,6.4
,Trevor Ariza,HOU,32,23,19,4,34.2,117.2,104.1,13.2,7.5,2.00,15.6,1.9,12.9,7.4,7.8,58.8,61.4,13.1,101.80,8.0
,Nene,HOU,35,18,15,3,14.1,115.1,96.7,18.4,11.5,0.90,13.0,6.9,18.2,12.7,14.5,65.4,69.3,20.5,104.99,11.8
,Bobby Brown,HOU,33,16,14,2,6.4,93.2,112.9,-19.8,18.9,1.25,14.7,0.0,7.8,3.7,11.8,39.8,40.1,24.8,100.10,3.2
,Eric Gordon,HOU,28,23,20,3,31.7,116.1,98.0,18.1,12.0,1.04,11.3,0.8,6.4,3.7,10.9,50.7,56.5,25.9,101.92,8.7
,Isaiah Canaan,HOU,26,1,1,0,4.0,118.0,152.3,-34.3,0.0,0.00,0.0,0.0,50.0,20.0,0.0,0.0,0.0,10.7,104.51,0.0
,Clint Capela,HOU,23,25,21,4,25.1,113.0,105.0,7.9,8.0,0.77,9.4,14.2,35.1,24.6,12.2,67.7,67.9,20.1,100.77,16.9
,Chris Paul,HOU,32,11,11,0,30.4,119.7,104.7,15.1,42.1,4.95,39.5,2.2,17.1,9.8,8.0,55.2,58.9,21.1,100.88,15.7
,Demetrius Jackson,HOU,23,12,9,3,5.2,80.3,97.4,-17.1,15.2,0.50,17.2,6.1,13.0,9.2,34.5,28.6,28.6,17.2,96.23,0.3
,PJ Tucker,HOU,32,25,21,4,27.0,113.1,98.9,14.2,4.4,0.76,11.8,4.7,19.3,12.3,15.5,54.8,57.7,10.5,102.15,6.6
,James Harden,HOU,28,25,21,4,35.9,116.5,103.9,12.5,46.6,2.17,24.2,2.0,14.5,8.3,11.2,56.7,63.4,35.8,101.94,19.6
,Zhou Qi,HOU,21,11,9,2,5.2,80.9,105.8,-24.9,3.3,0.25,3.6,3.0,15.0,8.7,14.5,25.0,33.1,19.8,99.59,0.5
,Ryan Anderson,HOU,29,24,20,4,28.4,114.3,105.2,9.0,3.7,0.77,6.4,5.3,15.8,10.6,8.3,62.2,63.8,15.8,101.08,8.5
,Briante Weber,HOU,24,4,4,0,3.4,53.8,142.4,-88.6,16.7,1.00,50.0,0.0,33.3,11.5,50.0,0.0,0.0,3.2,102.24,5.3
,Troy Williams,HOU,22,4,3,1,4.2,73.0,132.3,-59.4,14.3,1.00,8.1,4.3,21.4,10.8,8.1,22.2,24.2,25.9,100.56,-2.3
,Joe Young,IND,25,15,8,7,5.9,100.4,109.1,-8.7,12.9,1.33,14.2,3.3,11.4,6.8,10.6,46.1,48.3,22.3,103.11,6.3
,Domantas Sabonis,IND,21,25,16,9,24.6,107.5,106.5,1.0,12.9,1.06,14.9,12.3,26.5,19.5,14.1,55.2,60.1,21.3,100.96,12.6
,Darren Collison,IND,30,26,15,11,30.9,111.2,105.5,5.7,27.0,4.21,34.4,2.5,9.0,5.8,8.2,52.2,57.0,17.2,101.33,10.5
,Bojan Bogdanovic,IND,28,27,16,11,31.6,107.4,105.1,2.3,6.0,1.21,9.1,0.9,9.4,5.3,7.6,58.8,61.8,18.1,100.34,8.6
,Alex Poythress,IND,24,7,3,4,2.8,128.7,107.9,20.7,0.0,0.00,0.0,0.0,21.1,12.1,25.0,100,100,9.5,95.50,8.5
,TJ Leaf,IND,20,23,14,9,10.2,101.7,112.6,-11.0,3.0,0.83,5.9,6.6,12.9,9.5,7.1,52.1,52.0,14.2,102.90,5.1
,Al Jefferson,IND,32,10,5,5,13.9,103.4,109.9,-6.5,13.1,1.38,13.5,8.9,29.0,19.0,9.8,54.4,57.8,22.0,102.14,14.8
,Myles Turner,IND,21,20,12,8,29.8,109.4,102.7,6.7,7.9,1.14,10.5,3.9,22.5,13.6,9.2,53.7,57.1,20.9,101.03,11.4
,Ike Anigbogu,IND,19,6,3,3,2.9,118.6,125.4,-6.8,0.0,0.00,0.0,11.8,13.3,12.5,25.4,20.0,34.0,18.2,98.54,2.1
,Victor Oladipo,IND,25,26,16,10,34.0,109.9,103.9,6.0,19.3,1.20,14.3,2.2,14.6,8.7,12.0,56.0,59.7,31.0,100.55,14.5
,Lance Stephenson,IND,27,27,16,11,21.9,106.2,108.7,-2.5,17.8,1.87,22.2,4.4,21.7,13.0,11.9,48.7,50.5,18.9,99.85,9.5
,Thaddeus Young,IND,29,27,16,11,33.6,110.2,104.8,5.3,8.4,1.51,12.6,7.2,13.0,10.2,8.3,54.5,54.7,18.1,99.59,9.4
,Cory Joseph,IND,26,27,16,11,24.8,107.4,107.1,0.2,17.0,2.86,26.7,1.0,10.7,5.9,9.3,48.9,52.6,14.9,100.72,8.3
,Damien Wilkins,IND,37,14,8,6,6.4,105.9,106.6,-0.7,8.2,1.50,20.1,4.8,7.7,6.2,13.4,42.1,42.8,11.2,100.19,3.5
,Danilo Gallinari,LAC,29,11,6,5,31.8,105.7,103.8,1.9,13.2,1.81,14.5,0.6,15.0,7.5,8.0,40.3,47.5,21.3,97.31,8.5
,Blake Griffin,LAC,28,19,8,11,35.8,107.9,108.7,-0.8,24.9,1.68,17.0,4.0,21.3,12.3,10.1,48.3,54.2,30.2,98.22,14.4
,Jamil Wilson,LAC,27,7,2,5,12.4,117.2,113.6,3.6,7.9,1.67,15.2,3.8,10.0,6.7,9.1,60.0,60.0,14.9,92.67,4.9
,Sam Dekker,LAC,23,21,8,13,11.2,97.7,105.1,-7.4,5.1,0.73,7.4,5.3,14.4,9.8,10.1,39.2,41.9,18.5,101.71,5.3
,Wesley Johnson,LAC,30,25,10,15,25.6,107.4,108.3,-0.9,5.8,1.00,11.4,2.3,13.5,8.0,11.4,49.4,51.8,13.9,99.00,5.8
,Brice Johnson,LAC,23,7,2,5,4.0,119.7,91.9,27.8,4.0,0.33,7.8,4.5,22.9,15.8,23.3,62.5,67.6,17.3,105.41,11.1
,Montrezl Harrell,LAC,23,19,7,12,11.1,109.7,105.1,4.7,9.1,1.50,11.6,11.6,18.9,15.4,7.7,66.2,69.0,19.2,98.48,15.5
,Austin Rivers,LAC,25,25,10,15,33.7,107.1,110.9,-3.9,17.0,1.89,18.0,1.7,5.3,3.5,9.5,49.4,51.3,21.4,96.79,6.7
,Patrick Beverley,LAC,29,11,5,6,30.3,109.9,105.4,4.5,15.0,1.28,17.4,5.1,10.0,7.5,13.6,50.4,53.0,20.0,96.15,7.7
,DeAndre Jordan,LAC,29,25,10,15,32.5,106.6,109.4,-2.8,5.3,0.57,9.9,16.4,33.5,24.7,17.2,66.9,67.0,13.4,96.53,13.8
,Milos Teodosic,LAC,30,3,3,0,17.5,105.2,87.2,18.0,23.5,2.00,21.7,1.6,12.1,6.7,10.8,43.8,46.2,22.4,104.07,7.0
,Lou Williams,LAC,31,25,10,15,30.5,107.5,109.6,-2.1,25.6,1.79,19.7,1.8,8.2,4.9,11.0,53.3,59.2,27.1,100.35,13.0
,Sindarius Thornwell,LAC,23,25,10,15,16.5,95.9,106.4,-10.4,6.3,0.89,12.5,2.6,7.2,4.8,14.0,48.9,51.5,12.7,101.84,2.4
,C.J. Williams,LAC,27,13,5,8,9.7,95.5,113.1,-17.6,15.8,3.00,24.1,2.4,10.0,5.8,8.0,50.0,51.8,13.3,99.76,7.2
,Jawun Evans,LAC,21,18,6,12,12.9,103.3,105.8,-2.6,15.5,1.50,18.6,0.4,11.3,5.5,12.4,39.9,45.4,19.6,101.34,4.6
,Willie Reed,LAC,27,21,8,13,10.5,102.1,107.8,-5.7,3.8,0.56,5.4,8.3,25.0,15.9,9.6,69.5,69.9,16.7,105.36,12.5
,Vander Blue,LAL,25,4,1,3,7.0,102.1,88.0,14.1,4.3,0.50,16.7,0.0,3.8,2.3,33.3,33.3,33.3,7.8,101.71,-2.0
,Brook Lopez,LAL,29,26,10,16,22.9,99.9,102.2,-2.3,11.9,1.00,11.0,5.7,13.9,9.8,11.0,50.2,54.0,25.4,105.04,9.8
,Andrew Bogut,LAL,33,15,6,9,8.2,93.1,99.2,-6.1,10.9,0.91,27.8,9.1,28.8,18.4,30.6,60.0,60.0,8.6,105.94,9.1
,Lonzo Ball,LAL,20,26,10,16,33.1,99.2,103.8,-4.6,28.6,2.77,33.7,4.2,17.5,10.7,12.1,38.5,39.4,17.1,105.39,9.0
,Corey Brewer,LAL,31,26,10,16,11.5,100.0,104.5,-4.5,8.0,1.29,18.4,2.0,9.1,5.8,14.3,45.7,49.3,11.4,105.14,4.7
,Kyle Kuzma,LAL,22,25,10,15,30.4,102.9,105.1,-2.2,7.8,0.84,8.8,5.8,17.6,11.8,10.4,55.5,57.9,21.6,104.77,11.6
,Luol Deng,LAL,32,1,0,1,13.1,83.7,110.4,-26.8,11.1,1.00,25.0,0.0,0.0,0.0,25.0,50.0,50.0,8.8,111.40,3.9
,Ivica Zubac,LAL,20,6,3,3,2.4,83.7,114.8,-31.1,0.0,0.00,0.0,12.5,16.7,14.3,28.6,40.0,40.0,20.7,97.17,0.0
,Larry Nance Jr.,LAL,24,15,5,10,23.7,96.0,104.3,-8.3,7.0,0.89,11.0,10.3,21.0,15.4,12.4,58.0,60.6,15.2,104.39,11.1
,Jordan Clarkson,LAL,25,26,10,16,22.5,101.5,101.9,-0.4,22.8,1.60,16.4,4.4,9.9,7.2,10.2,53.8,56.8,28.1,104.27,14.2
,Josh Hart,LAL,22,21,9,12,13.9,104.9,104.1,0.8,4.0,1.00,11.5,2.7,14.1,8.5,11.5,52.8,55.7,10.1,101.71,6.9
,Alex Caruso,LAL,23,2,1,1,9.5,97.0,122.4,-25.4,25.0,2.00,50.0,0.0,16.7,6.9,25.0,50.0,50.0,8.1,118.30,5.5
,Kentavious Caldwell-Pope,LAL,24,24,9,15,34.5,100.1,102.7,-2.6,9.7,1.38,13.4,2.6,12.7,7.5,9.7,50.9,53.7,17.8,105.00,9.0
,Julius Randle,LAL,23,26,10,16,22.6,102.9,101.4,1.5,13.1,0.81,12.7,6.0,23.4,14.9,15.6,56.2,59.4,23.8,103.86,12.2
,Brandon Ingram,LAL,20,26,10,16,34.2,97.6,102.4,-4.8,13.8,1.15,14.1,3.2,13.8,8.4,12.3,46.2,50.7,22.1,104.53,8.2
,Tyler Ennis,LAL,23,12,4,8,5.5,108.0,84.7,23.3,18.0,2.25,24.5,1.8,11.8,7.2,10.9,36.4,42.1,18.3,103.52,7.7
,Chandler Parsons,MEM,29,21,7,14,20.6,107.6,103.5,4.1,15.2,1.95,19.1,2.2,14.0,8.1,9.8,64.0,63.9,18.3,97.86,11.0
,JaMychal Green,MEM,27,15,2,13,27.6,103.0,116.9,-13.9,7.4,0.86,11.2,7.3,18.7,12.9,13.0,55.1,57.2,17.4,91.80,7.7
,Wayne Selden,MEM,23,2,0,2,9.6,119.3,111.7,7.6,23.5,1.33,33.7,0.0,14.3,6.9,25.3,62.5,71.7,18.6,101.76,9.5
,Tyreke Evans,MEM,28,27,8,19,29.8,101.3,106.2,-4.8,25.6,2.00,18.3,3.5,16.2,9.9,9.2,54.1,57.4,27.4,96.31,15.9
,Brandan Wright,MEM,30,16,7,9,14.3,105.8,97.2,8.5,3.5,1.67,6.2,9.8,17.0,13.4,3.7,55.6,58.1,14.9,97.60,13.9
,Vincent Hunter,MEM,23,2,0,2,2.3,113.6,90.1,23.5,0.0,0.00,0.0,25.0,25.0,25.0,33.3,100,100,20.9,111.01,25.0
,Jarell Martin,MEM,23,25,8,17,16.7,98.2,103.3,-5.0,4.1,0.48,6.7,6.0,15.4,10.5,14.1,42.2,45.8,15.6,96.14,3.4
,Mike Conley,MEM,30,12,7,5,31.1,103.3,103.0,0.3,23.4,2.72,18.6,0.0,8.0,4.1,6.8,45.2,52.0,27.1,96.41,11.0
,Marc Gasol,MEM,32,27,8,19,35.0,101.2,108.7,-7.4,22.3,1.40,16.6,4.4,25.2,14.7,11.9,46.7,52.8,28.4,94.77,14.0
,Ivan Rabb,MEM,20,2,1,1,1.5,116.3,202.2,-85.9,33.3,0.00,50.0,0.0,0.0,0.0,0.0,0.0,0.0,14.5,97.48,0.0
,Ben McLemore,MEM,24,16,1,15,19.0,101.2,106.3,-5.1,8.1,0.83,10.7,2.4,11.8,7.2,12.8,49.5,52.3,19.3,94.34,5.1
,Kobi Simmons,MEM,20,1,0,1,5.0,126.3,121.5,4.8,0.0,0.00,0.0,0.0,0.0,0.0,0.0,100,100,7.8,103.72,4.1
,James Ennis III,MEM,27,26,8,18,24.8,100.7,105.8,-5.1,7.1,1.27,14.2,5.4,11.7,8.5,11.2,56.2,61.5,12.3,94.71,7.7
,Dillon Brooks,MEM,21,27,8,19,28.3,100.3,104.2,-3.9,7.1,0.87,13.0,2.6,11.4,7.0,14.9,52.0,54.5,13.9,95.74,4.6
,Deyonta Davis,MEM,21,14,2,12,11.8,97.7,95.5,2.2,5.2,1.00,9.0,8.0,23.8,16.2,9.0,63.4,64.4,13.9,97.01,14.1
,Mario Chalmers,MEM,31,26,8,18,23.0,102.2,103.1,-0.9,23.0,2.09,26.3,0.8,13.4,7.1,12.6,39.9,46.2,19.2,97.87,6.9
,Andrew Harrison,MEM,23,21,6,15,18.1,100.6,111.1,-10.5,20.3,1.91,23.3,2.5,10.1,6.1,12.2,45.3,51.7,18.0,93.67,7.6
,Josh Richardson,MIA,24,26,13,13,32.3,101.0,102.7,-1.7,9.0,0.91,13.9,2.2,8.4,5.3,15.3,49.6,51.7,16.7,98.31,4.8
,Derrick Walton Jr.,MIA,22,4,0,4,2.9,126.4,104.3,22.1,0.0,0.00,0.0,0.0,16.7,9.5,0.0,0.0,25.8,15.2,96.79,4.0
,Dion Waiters,MIA,26,24,12,12,30.6,99.7,104.5,-4.8,20.2,1.47,17.4,1.2,7.9,4.5,11.8,46.6,48.8,25.6,98.36,7.1
,Tyler Johnson,MIA,25,25,12,13,27.4,102.4,104.7,-2.3,11.6,1.58,14.9,1.7,11.6,6.8,9.4,49.8,54.3,18.8,97.45,8.1
,Wayne Ellington,MIA,30,26,13,13,20.3,105.8,102.7,3.1,7.7,2.50,11.6,1.1,9.8,5.5,4.7,59.8,61.7,16.7,97.04,9.2
,Hassan Whiteside,MIA,28,15,8,7,26.8,96.8,99.3,-2.4,2.8,0.26,2.8,11.3,37.9,25.0,10.9,58.8,61.2,22.8,98.52,20.9
,Jordan Mickey,MIA,23,6,3,3,7.5,111.2,110.5,0.7,0.0,0.00,0.0,9.8,36.6,23.2,17.4,50.0,56.3,16.5,101.64,9.8
,James Johnson,MIA,30,25,12,13,27.7,104.9,105.7,-0.9,22.9,1.65,25.2,3.8,16.9,10.6,15.3,55.2,58.2,19.9,98.02,10.9
,Okaro White,MIA,25,6,2,4,13.3,102.5,103.0,-0.5,3.4,2.00,9.8,4.5,11.0,7.9,4.9,56.3,57.7,10.5,98.32,5.7
,Justise Winslow,MIA,21,26,13,13,23.2,99.8,104.6,-4.7,13.1,1.81,19.1,4.8,21.6,13.3,10.5,47.3,49.0,15.7,98.23,9.6
,Udonis Haslem,MIA,37,3,1,2,3.5,139.5,91.0,48.5,25.0,0.00,66.7,0.0,10.0,6.3,0.0,100,100,5.1,90.76,9.2
,Goran Dragic,MIA,31,26,13,13,31.7,102.3,106.0,-3.7,23.5,1.92,19.8,2.4,12.0,7.2,10.3,51.8,55.7,25.2,98.86,12.0
,Kelly Olynyk,MIA,26,26,13,13,20.6,107.7,105.7,1.9,15.3,0.96,17.8,5.4,24.7,15.2,18.5,60.4,64.0,20.5,97.62,10.8
,Bam Adebayo,MIA,20,17,6,11,15.9,95.6,106.7,-11.1,3.7,0.55,6.7,10.3,20.9,15.2,12.3,61.0,65.4,14.4,96.85,10.8
,Eric Bledsoe,MIL,28,18,11,7,30.7,105.3,103.3,2.0,22.3,1.47,17.5,3.0,10.4,6.8,11.9,49.2,54.5,27.2,99.99,12.5
,Malcolm Brogdon,MIL,25,24,14,10,30.2,105.5,107.8,-2.3,19.4,2.62,22.3,0.8,10.5,5.5,8.5,53.9,56.5,19.8,97.13,9.7
,D.J. Wilson,MIL,21,10,7,3,3.5,88.9,118.2,-29.2,4.8,1.00,9.1,0.0,25.0,9.8,9.1,44.4,44.4,14.0,94.15,3.7
,Sterling Brown,MIL,22,5,2,3,5.8,92.9,106.3,-13.4,11.1,2.00,13.3,8.0,15.8,11.4,6.7,37.5,37.5,19.3,97.91,4.1
,DeAndre Liggins,MIL,29,22,13,9,16.1,99.7,107.2,-7.5,6.8,1.42,20.0,0.9,11.2,5.6,14.1,42.6,42.7,9.0,95.65,2.2
,Tony Snell,MIL,26,23,13,10,31.7,110.2,106.6,3.6,7.0,3.17,19.4,0.7,6.7,3.7,6.1,66.5,67.4,10.0,97.87,6.5
,Khris Middleton,MIL,26,25,15,10,36.9,110.5,105.8,4.6,18.4,1.86,18.1,2.0,15.1,8.6,9.7,53.9,58.4,24.3,97.65,11.8
,Rashad Vaughn,MIL,21,13,8,5,8.4,103.2,105.7,-2.5,11.6,8.00,18.3,1.2,9.0,5.3,2.3,56.1,57.5,15.7,93.68,9.0
,Thon Maker,MIL,20,25,15,10,19.1,104.2,109.3,-5.1,5.8,0.95,12.3,6.3,16.6,11.1,12.9,43.8,47.0,13.5,96.38,4.1
,Gary Payton II,MIL,25,9,6,3,8.1,102.1,102.1,0.1,12.8,2.00,20.0,1.7,15.5,8.5,10.0,40.5,40.5,15.2,95.89,2.7
,Giannis Antetokounmpo,MIL,23,24,14,10,37.5,109.7,103.6,6.1,22.8,1.52,14.2,6.5,26.0,16.3,9.3,55.7,61.4,33.5,97.47,20.8
,Mirza Teletovic,MIL,32,10,4,6,15.9,97.6,108.9,-11.3,10.3,1.43,13.5,2.5,14.7,9.1,9.5,62.3,62.3,18.7,98.59,9.7
,Matthew Dellavedova,MIL,27,13,7,6,20.0,104.3,108.4,-4.1,22.4,1.95,30.9,3.1,9.3,6.2,15.8,46.2,50.1,16.5,97.56,5.5
,Jason Terry,MIL,40,10,5,5,11.1,95.7,110.0,-14.4,8.2,1.50,20.1,0.0,12.5,5.5,13.4,34.2,37.7,10.5,95.01,3.6
,John Henson,MIL,26,24,14,10,23.4,112.0,103.6,8.5,8.3,1.03,15.0,9.7,22.9,16.7,14.6,56.4,56.0,15.1,97.58,9.1
,Joel Bolomboy,MIL,23,5,3,2,6.1,72.3,88.1,-15.9,0.0,0.00,0.0,16.1,12.0,14.3,23.1,25.0,37.7,11.7,99.31,4.3
,Nemanja Bjelica,MIN,29,18,11,7,15.3,106.0,103.3,2.7,7.4,1.00,11.4,3.3,19.1,11.0,11.4,70.5,72.5,16.1,100.26,11.7
,Shabazz Muhammad,MIN,25,22,12,10,11.4,100.2,121.3,-21.1,4.3,2.33,6.4,5.4,13.8,9.2,2.8,40.7,44.0,18.2,99.42,4.8
,Gorgui Dieng,MIN,27,25,14,11,17.4,103.5,111.3,-7.8,11.6,1.19,15.7,10.4,22.0,16.0,13.2,53.1,57.2,17.5,98.20,9.9
,Karl-Anthony Towns,MIN,22,28,16,12,35.4,109.6,108.3,1.4,7.8,0.76,8.5,8.8,29.8,19.2,11.1,56.8,61.5,23.1,97.75,14.8
,Jamal Crawford,MIN,37,28,16,12,17.7,104.1,112.9,-8.8,19.1,1.76,17.4,1.4,6.7,3.9,9.9,47.7,52.9,24.7,99.28,8.1
,Marcus Georges-Hunt,MIN,23,9,5,4,1.7,104.2,125.9,-21.8,10.0,1.00,16.7,5.9,0.0,3.7,16.7,50.0,50.0,14.0,99.17,2.3
,Andrew Wiggins,MIN,22,28,16,12,37.0,109.5,106.4,3.1,7.8,0.98,8.5,3.5,9.0,6.3,8.7,47.6,50.7,23.5,98.63,7.5
,Cole Aldrich,MIN,29,5,2,3,2.0,87.3,126.6,-39.3,14.3,0.00,25.8,0.0,14.3,5.3,0.0,0.0,17.4,11.2,101.60,-2.5
,Tyus Jones,MIN,21,28,16,12,17.1,108.7,104.7,3.9,21.7,4.75,39.8,1.4,11.5,6.3,8.4,50.6,55.1,10.9,96.37,9.0
,Jeff Teague,MIN,29,24,14,10,34.3,109.4,107.4,2.0,30.2,2.36,31.7,1.1,8.2,4.7,13.5,50.8,55.3,19.6,99.67,9.7
,Taj Gibson,MIN,32,28,16,12,33.5,111.4,104.4,7.0,6.5,1.10,12.6,9.7,19.0,14.4,11.4,55.0,59.5,14.1,98.04,9.7
,Aaron Brooks,MIN,32,11,5,6,4.8,100.5,135.4,-34.9,21.2,3.50,22.7,3.8,10.5,6.7,6.5,59.5,59.4,19.5,93.55,8.2
,Jimmy Butler,MIN,28,26,16,10,37.4,110.0,104.9,5.1,19.7,2.44,19.2,3.9,13.2,8.5,7.9,49.6,55.6,23.3,97.31,13.2
,DeMarcus Cousins,NOP,27,28,14,14,35.5,107.1,108.3,-1.2,24.0,1.02,15.4,6.7,32.6,19.9,15.1,52.5,57.3,34.3,101.34,16.7
,E'Twaun Moore,NOP,28,28,14,14,32.3,109.5,109.1,0.4,9.0,1.73,14.8,3.1,5.9,4.6,8.6,62.9,63.1,16.0,101.89,7.2
,Jordan Crawford,NOP,29,2,0,2,18.7,114.9,124.0,-9.1,36.0,2.25,33.3,5.9,2.6,4.2,14.8,64.3,64.3,20.3,102.21,7.5
,Darius Miller,NOP,27,28,14,14,20.3,106.8,110.3,-3.5,7.7,2.07,14.9,1.0,7.9,4.5,7.2,65.0,66.4,13.6,102.44,6.8
,Omer Asik,NOP,31,7,4,3,9.9,114.1,108.3,5.8,3.3,1.00,12.6,5.2,28.1,17.2,12.6,45.5,46.3,8.7,101.83,6.0
,Rajon Rondo,NOP,31,14,7,7,26.1,112.1,116.4,-4.2,39.7,3.77,47.2,2.2,16.1,9.2,12.5,54.5,55.1,15.3,104.03,11.0
,Cheick Diallo,NOP,21,15,6,9,7.3,98.3,120.5,-22.2,4.0,0.43,6.7,7.5,25.0,15.9,15.7,56.3,56.3,15.8,104.87,6.1
,Dante Cunningham,NOP,30,27,14,13,23.0,107.0,104.4,2.7,3.8,2.25,10.6,5.0,14.4,9.7,4.7,51.9,53.0,10.5,103.66,5.7
,Josh Smith,NOP,32,3,2,1,3.9,77.5,103.7,-26.2,0.0,0.00,0.0,15.8,14.3,15.4,0.0,25.0,25.0,13.1,106.54,-4.5
,Jrue Holiday,NOP,27,28,14,14,36.8,108.7,105.4,3.3,21.8,2.03,22.9,1.8,10.7,6.5,11.3,53.9,56.7,21.8,102.89,10.5
,Ian Clark,NOP,26,24,12,12,15.1,106.7,112.0,-5.3,12.1,2.00,19.2,0.6,9.0,5.0,9.6,45.6,47.2,16.2,101.54,4.5
,Charles Cooke,NOP,23,3,1,2,1.8,125.4,102.7,22.7,20.0,0.00,20.0,0.0,0.0,0.0,0.0,25.0,25.0,25.4,96.75,5.1
,Jameer Nelson,NOP,35,24,13,11,24.9,106.6,106.3,0.4,23.4,2.76,37.6,1.4,10.0,5.9,13.6,52.8,54.7,12.6,101.20,7.3
,Tony Allen,NOP,35,22,12,10,12.4,105.1,103.3,1.8,5.1,0.47,7.0,8.5,10.3,9.5,14.8,50.5,51.4,19.1,103.22,3.6
,Jalen Jones,NOP,24,4,1,3,4.8,106.0,135.9,-30.0,0.0,0.00,0.0,0.0,21.4,8.6,0.0,37.5,51.2,10.1,98.35,3.4
,Anthony Davis,NOP,24,23,11,12,34.9,107.8,103.2,4.7,12.3,1.20,10.9,7.9,24.2,16.6,9.1,58.8,64.3,26.9,102.55,19.0
,Kristaps Porzingis,NYK,22,23,14,9,32.4,108.1,104.5,3.6,6.2,0.49,4.3,4.4,18.6,11.8,8.8,51.4,57.0,33.8,99.43,15.1
,Ron Baker,NYK,24,9,3,6,14.4,109.2,102.4,6.8,23.1,2.67,40.7,0.0,4.6,2.4,15.3,52.8,59.8,11.7,100.87,7.5
,Doug McDermott,NYK,25,27,14,13,24.1,102.1,103.2,-1.1,7.2,1.63,12.6,3.6,10.6,7.2,7.7,57.2,58.7,14.4,98.91,8.0
,Kyle O'Quinn,NYK,27,27,14,13,16.2,108.4,105.2,3.2,18.6,1.28,23.5,11.9,30.3,21.6,18.4,57.1,61.2,18.3,96.64,13.6
,Enes Kanter,NYK,25,24,14,10,25.8,104.5,107.9,-3.4,8.5,0.80,10.2,16.6,28.8,22.9,12.6,60.3,64.1,20.5,98.45,16.1
,Michael Beasley,NYK,28,21,10,11,15.4,108.1,108.3,-0.1,9.2,0.48,8.6,8.7,18.7,13.9,18.0,52.7,54.4,27.4,97.89,9.0
,Tim Hardaway Jr.,NYK,25,21,11,10,34.1,107.6,104.8,2.8,14.7,1.94,15.4,2.7,10.6,6.8,7.9,49.5,53.4,23.3,99.80,10.0
,Courtney Lee,NYK,32,27,14,13,32.2,106.0,107.2,-1.2,12.3,2.27,18.7,1.8,10.6,6.3,8.2,55.3,58.3,16.5,98.61,9.8
,Willy Hernangomez,NYK,23,14,5,9,11.0,91.0,103.4,-12.4,14.9,0.68,13.1,13.7,22.9,18.3,19.1,58.2,55.5,23.8,99.86,11.4
,Lance Thomas,NYK,29,24,12,12,16.8,103.7,103.5,0.3,3.5,0.59,7.9,5.6,13.1,9.4,13.4,45.4,51.4,13.2,95.75,4.4
,Jarrett Jack,NYK,34,25,14,11,26.1,108.6,106.6,2.0,29.7,3.48,42.1,1.3,13.1,7.4,12.1,45.2,47.2,14.0,99.82,8.7
,Mindaugas Kuzminskas,NYK,28,1,0,1,1.9,0.0,0.0,0.0,0.0,0.00,0.0,0.0,0.0,0.0,0.0,0.0,0.0,50.0,90.81,-400.0
,Damyean Dotson,NYK,23,17,6,11,9.3,92.3,104.0,-11.6,6.7,2.33,12.2,2.0,14.7,8.3,5.2,52.2,52.8,13.4,100.28,7.7
,Joakim Noah,NYK,32,2,0,2,5.5,86.3,69.5,16.8,50.0,3.00,38.1,16.7,23.1,20.0,12.7,66.7,64.4,17.0,117.91,32.8
,Frank Ntilikina,NYK,19,24,13,11,20.1,103.0,103.8,-0.8,24.1,1.66,27.5,2.5,8.9,5.8,16.6,40.8,44.1,19.0,97.49,5.4
,Ramon Sessions,NYK,31,10,2,8,14.9,93.3,104.4,-11.1,28.7,1.93,28.0,0.7,9.8,5.1,14.5,34.7,41.4,20.1,97.88,6.6
,Dakari Johnson,OKC,22,12,7,5,6.4,104.5,82.2,22.2,10.9,2.50,15.0,11.6,7.5,9.6,6.0,47.6,51.4,16.3,97.93,5.6
,Andre Roberson,OKC,26,25,12,13,26.5,100.3,95.6,4.7,5.6,1.08,16.6,7.3,10.9,9.0,15.3,56.9,56.2,8.5,97.86,6.3
,Kyle Singler,OKC,29,4,2,2,7.9,89.8,109.6,-19.8,0.0,0.00,0.0,0.0,15.4,7.5,12.3,41.7,42.3,21.9,102.14,0.0
,Steven Adams,OKC,24,23,9,14,31.7,102.8,101.5,1.4,3.9,0.46,6.1,15.7,13.8,14.7,13.2,64.6,65.7,16.1,99.05,12.2
,Daniel Hamilton,OKC,22,1,1,0,3.6,40.0,163.9,-123.9,0.0,0.00,0.0,0.0,0.0,0.0,0.0,0.0,0.0,14.3,65.56,-10.0
,Josh Huestis,OKC,25,20,11,9,11.1,107.5,101.2,6.2,4.4,0.54,9.5,4.0,12.4,8.2,17.7,45.1,44.7,13.2,98.36,1.8
,Alex Abrines,OKC,24,24,11,13,17.4,105.2,103.1,2.1,3.4,0.83,7.4,2.4,8.2,5.2,8.9,50.5,53.4,12.6,100.52,3.5
,Nick Collison,OKC,37,5,2,3,4.8,108.4,78.6,29.8,16.7,1.50,30.4,15.0,20.8,18.2,20.2,75.0,82.0,12.1,101.18,14.5
,Terrance Ferguson,OKC,19,16,8,8,7.2,91.9,107.6,-15.8,1.4,0.33,3.5,2.6,3.8,3.1,10.4,39.6,40.2,10.4,95.17,-1.4
,Carmelo Anthony,OKC,33,25,11,14,32.8,103.4,102.2,1.3,8.1,1.05,7.6,2.6,20.2,11.0,7.3,46.7,50.3,25.2,98.72,10.8
,Jerami Grant,OKC,23,25,12,13,21.8,100.4,102.0,-1.6,6.2,0.95,9.8,6.3,14.3,10.1,10.3,52.4,57.4,15.5,100.42,9.3
,Patrick Patterson,OKC,28,26,12,14,13.8,99.4,104.0,-4.6,4.7,1.10,12.1,1.9,15.3,8.2,11.0,49.3,50.9,10.3,95.99,5.6
,Russell Westbrook,OKC,29,26,12,14,36.0,104.4,100.9,3.5,46.4,2.07,25.8,4.6,24.2,14.0,12.5,44.0,49.2,33.2,100.00,17.1
,Paul George,OKC,27,24,11,13,37.0,101.8,100.5,1.3,14.8,1.13,12.9,2.3,15.5,8.7,11.4,50.6,54.6,25.5,99.49,12.1
,Raymond Felton,OKC,33,26,12,14,16.9,98.6,101.8,-3.1,24.6,3.44,24.5,1.5,10.6,5.7,7.1,47.0,48.3,19.6,96.25,10.4
,Jonathan Isaac,ORL,20,12,8,4,19.9,100.0,99.7,0.3,6.0,0.83,11.2,5.3,18.3,12.1,13.5,50.0,54.3,14.7,102.84,8.6
,Marreese Speights,ORL,30,21,7,14,11.5,102.6,104.0,-1.4,9.1,0.92,7.2,3.1,16.0,9.7,7.8,51.9,52.8,27.9,100.09,8.2
,Evan Fournier,ORL,25,26,11,15,32.5,107.6,107.9,-0.3,13.9,1.58,14.9,1.8,9.2,5.5,9.5,55.9,59.7,23.0,104.28,9.7
,Nikola Vucevic,ORL,27,28,11,17,30.5,110.4,108.0,2.4,16.4,1.82,16.3,6.2,27.5,16.9,8.9,55.3,57.0,24.1,103.45,13.9
,Shelvin Mack,ORL,27,21,8,13,17.4,102.1,104.8,-2.7,36.1,4.52,44.8,1.9,10.2,6.2,9.9,43.1,45.7,14.1,100.26,9.7
,Aaron Gordon,ORL,22,25,10,15,33.7,107.8,110.4,-2.6,9.6,1.45,11.7,4.8,22.0,13.3,8.1,57.6,61.1,21.3,103.12,12.7
,Bismack Biyombo,ORL,25,28,11,17,15.3,94.0,105.1,-11.1,3.5,0.30,5.9,9.4,20.8,15.2,19.7,47.8,52.1,14.7,100.17,7.3
,Mario Hezonja,ORL,22,21,7,14,10.8,101.8,111.0,-9.2,9.2,0.93,14.8,4.6,14.2,9.7,15.8,47.7,48.7,15.8,98.36,5.7
,Elfrid Payton,ORL,23,19,6,13,27.9,109.3,113.3,-4.0,31.9,2.56,33.6,4.2,10.7,7.4,13.1,52.0,52.7,19.8,102.86,9.3
,Arron Afflalo,ORL,32,22,8,14,13.6,98.7,106.7,-8.1,5.3,1.38,13.4,1.1,10.6,6.2,9.7,40.4,44.3,10.6,98.46,2.9
,Wes Iwundu,ORL,22,10,4,6,8.3,86.7,107.6,-20.9,12.0,2.00,16.5,2.4,15.7,8.5,8.3,32.7,32.9,16.2,98.71,2.8
,Khem Birch,ORL,25,3,2,1,3.2,60.7,103.3,-42.5,50.0,0.00,16.7,22.2,0.0,10.5,0.0,40.0,40.0,23.0,94.25,0.0
,Terrence Ross,ORL,26,22,9,13,26.2,104.8,105.2,-0.4,8.3,1.40,13.9,1.8,11.4,6.5,9.9,48.6,51.5,16.3,103.67,6.2
,Jonathon Simmons,ORL,28,28,11,17,27.9,103.2,108.9,-5.6,11.0,0.81,10.7,3.8,9.6,6.7,13.2,53.1,56.9,24.3,101.78,8.3
,D.J. Augustin,ORL,30,21,9,12,20.2,101.6,105.2,-3.6,26.4,2.24,30.1,1.2,8.3,4.8,13.4,56.4,62.9,17.3,102.74,10.6
,Robert Covington,PHI,26,25,13,12,32.2,108.8,101.5,7.3,8.0,1.02,11.6,3.6,16.6,10.3,11.3,58.9,61.1,18.6,103.12,10.4
,Dario Saric,PHI,23,26,14,12,29.2,105.8,107.6,-1.8,11.1,1.30,14.2,7.9,17.0,12.6,10.9,49.3,51.8,18.7,102.74,9.0
,Furkan Korkmaz,PHI,20,6,3,3,5.3,102.6,111.9,-9.3,9.1,2.00,12.6,5.0,19.0,9.8,6.3,29.2,34.9,16.5,105.75,2.3
,T.J. McConnell,PHI,25,22,13,9,24.1,101.6,102.8,-1.2,29.6,2.55,39.5,3.0,11.6,7.5,15.5,56.1,57.9,13.2,106.80,10.5
,Ben Simmons,PHI,21,26,13,13,36.2,106.0,103.4,2.6,32.9,1.92,27.0,6.3,19.3,13.1,14.1,50.4,52.3,23.9,103.40,14.5
,JJ Redick,PHI,33,25,12,13,33.5,106.6,105.6,0.9,15.5,2.23,17.9,0.7,7.7,4.3,8.0,53.8,58.6,19.9,103.26,9.3
,Richaun Holmes,PHI,24,13,5,8,16.0,106.2,109.5,-3.3,8.3,1.83,11.3,9.1,21.5,15.6,6.2,56.3,59.1,17.5,103.70,11.0
,Justin Anderson,PHI,24,10,5,5,12.6,91.8,113.0,-21.1,4.3,0.75,5.2,7.9,14.9,11.3,6.9,46.9,48.9,18.4,102.55,5.3
,Amir Johnson,PHI,30,25,14,11,15.6,100.8,103.1,-2.3,11.9,1.42,20.9,13.6,21.7,17.8,14.8,50.5,52.1,13.6,104.76,8.1
,Jacob Pullen,PHI,28,2,2,0,1.2,40.0,40.0,0.0,0.0,0.00,0.0,0.0,0.0,0.0,0.0,0.0,0.0,16.7,100.00,-22.2
,Trevor Booker,PHI,30,21,8,13,21.9,111.7,109.6,2.1,14.6,1.32,16.3,11.7,22.2,16.9,12.3,54.0,56.2,20.9,103.15,11.7
,Markelle Fultz,PHI,19,4,1,3,18.9,80.4,106.8,-26.5,16.3,1.17,15.5,3.8,7.9,5.8,13.3,33.3,37.2,20.6,108.26,2.4
,James Michael McAdoo,PHI,24,1,0,1,6.9,111.8,123.0,-11.1,0.0,0.00,0.0,0.0,0.0,0.0,17.0,37.5,51.2,34.2,104.30,3.5
,Joel Embiid,PHI,23,22,13,9,30.6,107.7,100.2,7.4,19.8,0.88,12.3,8.8,28.0,18.9,13.9,50.8,57.8,33.7,101.89,18.3
,Jerryd Bayless,PHI,29,21,11,10,26.5,104.1,105.2,-1.1,9.4,1.32,15.9,1.4,8.7,5.0,12.0,51.3,54.9,14.7,103.07,5.3
,Timothe Luwawu-Cabarrot,PHI,22,26,14,12,16.3,101.9,106.6,-4.7,8.9,1.09,11.8,2.9,7.5,5.3,10.9,47.0,50.5,18.0,105.62,3.7
,Alex Len,PHX,24,24,9,15,22.0,100.6,110.6,-10.0,6.2,0.70,9.0,13.8,27.7,20.7,12.9,52.1,59.5,16.7,104.77,12.9
,TJ Warren,PHX,24,29,9,20,31.6,104.1,108.8,-4.7,6.8,0.90,6.3,6.8,12.3,9.5,7.0,49.5,53.1,25.3,103.25,10.8
,Mike James,PHX,27,29,9,20,21.7,103.0,106.6,-3.6,27.2,2.39,22.7,1.8,11.6,6.5,9.5,43.5,48.3,24.4,105.46,10.4
,Derrick Jones Jr.,PHX,20,6,0,6,5.5,102.9,103.6,-0.6,13.6,3.00,28.2,7.1,7.7,7.4,9.4,50.0,67.8,9.6,105.74,10.1
,Troy Daniels,PHX,26,29,9,20,16.1,100.3,109.5,-9.3,5.1,0.88,7.8,0.6,6.5,3.5,8.8,59.2,60.1,16.2,101.97,5.8
,Danuel House,PHX,24,1,0,1,11.3,92.8,115.5,-22.7,0.0,0.00,0.0,0.0,10.0,4.8,25.0,33.3,33.3,16.2,96.34,0.0
,Tyson Chandler,PHX,35,21,7,14,26.1,103.2,105.4,-2.3,5.2,0.88,13.0,11.6,26.5,19.0,14.8,65.6,66.8,10.7,102.59,11.6
,Marquese Chriss,PHX,20,29,9,20,20.2,107.7,107.3,0.4,7.9,1.21,14.0,4.8,19.0,12.1,11.6,47.0,50.7,15.2,103.88,6.8
,Jared Dudley,PHX,32,12,1,11,15.3,108.6,102.9,5.7,19.0,3.71,34.7,2.8,17.1,9.4,9.4,56.8,60.9,11.2,103.59,9.1
,Dragan Bender,PHX,20,29,9,20,20.0,97.2,112.6,-15.4,6.7,1.00,13.8,2.3,15.8,8.8,13.8,48.9,50.7,12.1,105.07,5.6
,Greg Monroe,PHX,27,16,5,11,20.3,100.4,110.7,-10.3,16.3,1.28,17.2,11.1,28.5,19.8,13.4,57.3,59.7,20.8,101.23,14.4
,Josh Jackson,PHX,20,29,9,20,22.2,98.7,110.0,-11.2,8.1,0.57,8.5,4.1,12.8,8.3,14.9,41.7,44.5,22.9,105.89,3.7
,Devin Booker,PHX,21,25,9,16,34.0,103.2,110.0,-6.8,19.7,1.29,14.3,1.7,12.5,7.0,11.1,51.9,57.3,29.1,106.60,12.4
,Alec Peters,PHX,22,2,0,2,7.2,73.8,106.4,-32.6,0.0,0.00,0.0,0.0,27.3,12.5,0.0,37.5,37.5,11.9,107.47,7.0
,Tyler Ulis,PHX,21,28,9,19,23.7,101.7,110.8,-9.1,25.1,2.05,27.9,0.8,7.3,4.1,13.6,41.7,46.6,19.2,101.73,6.9
,CJ McCollum,POR,26,25,12,13,36.4,104.0,104.1,-0.1,12.9,1.24,11.3,1.8,11.2,6.5,9.1,52.3,55.6,25.4,99.35,10.9
,Caleb Swanigan,POR,20,14,8,6,9.2,93.5,102.2,-8.7,12.3,0.82,13.7,10.3,22.9,16.2,16.7,36.3,40.5,19.0,96.49,4.7
,Ed Davis,POR,28,26,13,13,16.9,103.8,100.5,3.3,3.0,0.39,6.4,16.3,26.8,21.7,16.2,50.0,53.8,13.1,97.32,11.3
,Pat Connaughton,POR,24,26,13,13,20.1,105.1,104.2,0.8,7.9,1.88,16.0,1.5,10.7,6.1,8.5,55.9,58.1,12.8,99.83,6.9
,Noah Vonleh,POR,22,19,9,10,20.9,100.2,101.8,-1.5,4.4,1.09,11.6,9.8,30.0,20.1,10.7,53.5,57.3,10.3,98.39,10.9
,Evan Turner,POR,29,26,13,13,26.2,101.0,101.5,-0.5,14.0,1.36,18.7,1.6,13.6,7.7,13.7,40.6,45.8,16.6,99.31,6.5
,Al-Farouq Aminu,POR,27,13,4,9,29.4,109.9,102.6,7.3,6.5,1.13,12.7,5.3,20.9,13.2,11.2,58.3,60.7,13.5,98.89,10.3
,Shabazz Napier,POR,26,20,10,10,16.3,102.1,97.8,4.2,14.6,2.07,17.9,1.7,10.3,6.1,8.6,55.3,60.7,18.1,98.02,13.3
,Zach Collins,POR,20,10,5,5,8.1,106.3,106.5,-0.3,7.9,0.56,13.2,9.0,12.7,10.6,23.8,34.8,35.6,16.8,100.71,-2.1
,Damian Lillard,POR,27,26,13,13,37.2,105.0,102.6,2.4,28.8,2.08,19.1,3.0,12.0,7.5,9.2,49.8,57.6,30.3,100.43,16.3
,Meyers Leonard,POR,25,11,4,7,11.8,105.9,112.1,-6.2,7.8,2.00,10.4,4.6,25.2,14.8,5.2,67.8,69.0,17.9,100.85,12.2
,Maurice Harkless,POR,24,24,13,11,23.0,100.4,102.6,-2.2,4.0,0.79,9.3,3.7,11.2,7.6,11.8,45.7,49.0,11.5,99.62,5.3
,Jake Layman,POR,23,12,7,5,6.6,96.4,105.8,-9.5,3.5,2.00,6.3,2.8,13.8,7.8,3.1,35.7,38.1,15.7,99.82,3.0
,Jusuf Nurkic,POR,23,24,13,11,28.0,101.8,99.7,2.1,13.2,0.67,9.9,7.3,22.6,15.1,14.8,45.5,49.0,29.0,99.92,10.6
,George Hill,SAC,31,24,9,15,25.6,96.1,109.0,-12.9,15.1,1.90,20.5,1.9,12.7,7.0,10.8,53.4,56.6,16.6,96.11,9.4
,Bogdan Bogdanovic,SAC,25,24,8,16,24.3,97.7,108.7,-11.0,14.4,1.39,17.1,1.6,9.8,5.5,12.3,50.5,53.6,19.9,97.69,7.9
,Zach Randolph,SAC,36,25,9,16,26.0,97.5,111.2,-13.7,16.5,1.27,13.0,7.5,25.2,15.9,10.2,54.3,56.3,26.6,96.39,15.0
,Kosta Koufos,SAC,28,27,9,18,18.3,93.7,107.8,-14.1,10.0,1.72,18.1,9.4,25.5,17.1,10.5,53.3,53.2,12.8,97.40,11.0
,Skal Labissiere,SAC,21,25,8,17,16.8,99.9,107.4,-7.4,6.8,0.62,7.6,8.7,18.7,13.6,12.2,44.8,49.2,23.2,97.66,8.2
,JaKarr Sampson,SAC,24,6,1,5,17.0,104.5,98.1,6.4,2.9,1.00,7.4,9.2,22.4,16.2,7.4,63.6,65.6,11.4,93.57,9.6
,De'Aaron Fox,SAC,19,27,9,18,26.3,97.9,112.1,-14.3,23.0,1.69,22.7,2.0,10.9,6.2,13.4,42.6,45.5,22.4,97.61,6.7
,Jack Cooley,SAC,26,1,0,1,1.6,173.6,0.0,173.6,100,0.00,34.7,0.0,50.0,33.3,0.0,0.0,53.2,65.3,101.40,0.0
,Frank Mason,SAC,23,20,6,14,18.8,107.9,104.5,3.4,25.6,2.06,25.2,2.7,10.2,6.6,12.2,44.5,50.8,23.5,95.90,8.9
,Garrett Temple,SAC,31,26,9,17,24.6,97.3,108.5,-11.3,8.8,1.36,14.5,0.8,9.6,5.0,10.7,47.3,49.8,15.3,98.27,5.2
,Vince Carter,SAC,40,17,6,11,13.1,99.7,106.6,-6.9,7.9,2.00,15.7,1.7,10.8,6.3,7.8,40.2,40.9,13.3,97.09,3.2
,Justin Jackson,SAC,22,18,4,14,19.1,94.8,105.7,-11.0,4.8,0.77,7.1,2.8,7.7,5.2,9.3,46.0,46.8,17.4,96.53,4.2
,Buddy Hield,SAC,23,25,9,16,23.1,99.4,105.4,-6.0,12.0,1.00,11.2,3.0,15.9,9.4,11.2,54.9,56.7,25.1,96.64,11.4
,Malachi Richardson,SAC,21,12,2,10,11.7,104.5,108.5,-4.0,6.4,2.00,10.6,1.6,7.0,4.3,5.3,44.0,49.2,16.6,95.66,4.5
,Willie Cauley-Stein,SAC,24,24,8,16,24.8,96.1,109.7,-13.5,14.3,1.49,16.2,7.6,21.8,14.1,10.9,49.8,52.9,20.2,97.11,11.0
,Georgios Papagiannis,SAC,20,5,1,4,6.9,123.6,125.0,-1.4,7.1,2.00,15.4,7.4,23.1,15.1,7.7,80.0,80.0,13.8,96.92,12.5
,Manu Ginobili,SAS,40,23,16,7,21.3,106.0,105.3,0.7,18.0,1.37,20.0,1.7,10.6,6.1,14.6,46.3,52.0,20.2,97.32,6.6
,Davis Bertans,SAS,25,24,15,9,9.1,105.4,101.4,4.0,8.8,1.33,11.8,2.2,15.2,8.9,8.9,56.6,58.5,18.7,97.81,9.0
,Darrun Hilliard,SAS,24,4,4,0,9.7,114.7,110.6,4.1,12.9,1.33,26.9,0.0,9.4,4.6,20.2,14.3,19.0,12.9,98.26,-1.4
,Tony Parker,SAS,35,7,6,1,18.7,105.3,94.9,10.4,39.5,3.20,32.6,1.7,15.3,8.5,10.2,49.0,51.5,24.2,93.26,14.6
,Matt Costello,SAS,24,1,1,0,10.6,147.6,106.6,41.0,0.0,0.00,0.0,0.0,41.7,29.4,0.0,100,100,4.5,98.85,9.0
,Pau Gasol,SAS,37,27,18,9,25.2,105.6,98.0,7.6,18.3,2.19,21.7,6.2,26.1,16.5,9.9,53.3,57.7,19.3,96.43,15.4
,Kyle Anderson,SAS,24,23,15,8,27.4,105.0,101.9,3.1,16.9,2.33,25.1,5.4,18.7,12.0,10.7,52.6,56.9,15.2,95.43,11.7
,Dejounte Murray,SAS,21,28,19,9,18.0,101.9,94.5,7.4,20.2,1.51,22.1,7.4,19.6,13.5,14.6,42.1,46.9,20.1,97.97,10.2
,LaMarcus Aldridge,SAS,32,27,19,8,33.6,108.0,101.9,6.0,11.7,1.41,9.1,10.9,16.7,13.8,6.4,51.3,56.8,28.9,94.91,15.3
,Rudy Gay,SAS,31,26,18,8,23.6,104.9,101.0,3.9,12.4,1.00,11.9,7.1,19.6,13.3,11.9,52.9,57.5,23.8,96.81,13.9
,Derrick White,SAS,23,6,2,4,7.8,95.9,71.5,24.4,10.0,1.00,19.2,4.3,13.2,9.1,19.2,42.9,46.7,11.9,103.63,8.6
,Brandon Paul,SAS,26,28,19,9,11.7,97.8,98.3,-0.5,12.7,1.59,21.3,0.7,11.1,5.7,13.4,54.2,57.2,13.7,97.68,7.4
,Danny Green,SAS,30,26,17,9,28.2,106.0,98.8,7.1,10.3,1.34,15.8,1.9,13.0,7.5,11.8,50.7,51.6,16.9,95.04,8.2
,Joffrey Lauvergne,SAS,26,14,10,4,10.9,89.8,108.9,-19.2,10.3,0.90,12.1,14.1,23.2,18.5,13.5,44.9,47.1,18.3,99.43,8.7
,Bryn Forbes,SAS,24,28,19,9,18.1,106.3,104.5,1.9,7.4,1.92,11.8,1.5,7.1,4.3,6.1,53.9,53.6,16.4,96.89,5.6
,Kawhi Leonard,SAS,26,1,0,1,15.9,86.6,59.2,27.4,14.3,0.00,7.7,5.9,23.8,15.8,0.0,54.2,54.2,33.0,100.06,36.1
,Patty Mills,SAS,29,28,19,9,25.4,107.8,107.1,0.7,20.5,2.39,25.3,1.6,8.9,5.2,10.6,50.6,53.8,18.4,95.69,8.4
,Norman Powell,TOR,24,21,13,8,20.6,106.5,103.2,3.3,12.6,1.27,16.2,1.1,9.6,5.5,12.8,50.3,54.0,20.2,100.87,7.1
,Jonas Valanciunas,TOR,25,21,15,6,20.6,113.6,109.7,3.9,4.5,0.41,5.9,13.6,29.2,21.9,14.6,57.9,63.8,21.1,100.24,12.5
,Kyle Lowry,TOR,31,25,17,8,33.1,111.2,104.5,6.6,30.4,2.67,30.2,2.3,19.2,11.1,11.3,55.8,60.3,21.6,100.42,14.2
,Serge Ibaka,TOR,28,23,15,8,27.5,111.8,106.1,5.7,3.4,0.56,4.8,3.0,19.5,11.5,8.5,58.3,59.3,19.6,100.54,9.5
,DeMar DeRozan,TOR,28,25,17,8,34.4,111.7,106.2,5.6,24.0,2.03,18.4,2.5,12.5,7.6,9.1,49.5,56.5,29.2,100.90,14.1
,Lorenzo Brown,TOR,27,6,4,2,8.1,96.1,84.6,11.5,16.1,0.00,45.5,0.0,15.9,9.1,0.0,16.7,16.7,6.3,92.55,7.4
,Alfonzo McKinnie,TOR,25,8,7,1,3.2,135.6,103.1,32.5,4.8,1.00,10.7,0.0,20.8,12.8,10.7,75.0,75.1,15.9,99.60,7.5
,Lucas Nogueira,TOR,25,17,11,6,12.0,107.8,96.5,11.3,4.3,0.67,9.1,5.1,20.8,13.0,13.6,62.8,64.8,13.6,97.51,10.7
,Jakob Poeltl,TOR,22,25,17,8,16.2,107.1,101.4,5.7,3.1,0.40,5.1,13.7,16.9,15.3,12.7,68.9,67.6,15.8,101.24,11.1
,Delon Wright,TOR,25,14,9,5,20.9,107.1,102.0,5.2,18.6,1.48,26.2,2.3,11.5,6.7,17.7,58.5,67.0,15.4,101.80,10.7
,Fred VanVleet,TOR,23,25,17,8,17.1,110.7,96.0,14.7,23.8,3.32,28.9,1.4,9.4,5.5,8.7,46.6,50.0,18.7,98.79,9.5
,OG Anunoby,TOR,20,25,17,8,20.3,114.4,99.8,14.5,5.4,1.43,12.0,3.9,7.3,5.6,8.4,61.4,62.2,12.9,99.31,6.0
,CJ Miles,TOR,30,22,15,7,18.5,105.7,100.4,5.3,6.2,1.23,7.1,1.3,10.0,5.6,5.8,54.3,57.1,22.1,101.25,9.0
,Pascal Siakam,TOR,23,24,17,7,20.4,109.5,100.9,8.6,12.0,2.05,19.7,6.3,18.5,12.6,9.6,53.8,52.3,15.7,100.23,9.4
,Bruno Caboclo,TOR,22,2,2,0,3.3,120.1,43.2,76.9,16.7,0.00,33.3,0.0,10.0,5.6,0.0,0.0,0.0,10.9,97.63,0.0
,Royce O'Neale,UTA,24,18,10,8,11.0,114.4,92.6,21.8,13.6,2.86,25.0,1.7,20.0,10.6,8.7,41.5,45.1,14.0,96.50,7.6
,Ekpe Udoh,UTA,30,25,13,12,14.4,107.0,97.3,9.6,11.3,2.90,29.4,9.4,9.5,9.4,10.1,47.1,53.5,8.8,98.10,6.1
,Derrick Favors,UTA,26,27,13,14,27.8,106.6,103.7,2.8,10.1,1.15,12.3,9.5,17.9,13.7,10.7,56.5,59.6,19.9,95.92,12.1
,Ricky Rubio,UTA,27,26,13,13,28.9,101.4,103.0,-1.6,27.4,1.60,25.4,1.9,12.6,7.1,15.9,44.1,51.7,22.7,97.44,9.4
,Nate Wolters,UTA,26,4,3,1,2.7,126.5,117.3,9.2,10.0,0.00,25.0,7.7,10.0,8.7,0.0,0.0,0.0,11.6,86.00,-3.8
,Rodney Hood,UTA,25,18,8,10,28.3,104.0,101.9,2.1,11.6,0.91,9.0,1.1,10.2,5.4,9.9,51.5,55.6,28.8,97.98,10.3
,Donovan Mitchell,UTA,21,27,13,14,29.7,106.7,104.4,2.2,18.9,1.32,14.5,2.2,9.7,5.8,11.0,48.9,52.4,28.8,97.72,9.1
,Raul Neto,UTA,25,17,8,9,13.3,106.6,90.7,15.9,22.1,2.75,27.3,1.0,10.1,5.6,9.9,54.3,55.5,17.1,99.00,10.6
,Rudy Gobert,UTA,25,16,6,10,31.9,96.3,102.0,-5.7,6.9,0.57,9.5,9.6,26.2,17.8,16.7,61.3,65.1,16.7,98.52,14.5
,Joe Ingles,UTA,30,27,13,14,29.8,103.0,106.5,-3.5,20.8,2.30,27.8,1.0,14.3,7.4,12.1,60.4,61.6,15.7,97.80,10.2
,Joe Johnson,UTA,36,7,4,3,19.2,91.6,99.4,-7.8,13.8,1.10,15.6,3.5,12.1,8.0,14.2,41.3,45.4,19.9,98.80,7.7
,Jonas Jerebko,UTA,30,22,10,12,16.8,114.6,103.8,10.8,6.9,2.00,13.3,5.7,21.0,13.0,6.6,61.1,62.3,14.3,96.26,9.3
,Alec Burks,UTA,26,26,13,13,19.8,113.2,104.4,8.8,10.3,1.32,11.1,1.8,17.1,9.2,8.4,51.7,56.9,23.5,96.57,11.9
,Tony Bradley,UTA,19,7,5,2,3.0,104.3,96.6,7.7,6.7,0.00,9.2,10.7,25.0,16.7,0.0,11.1,20.2,19.7,101.58,3.4
,Thabo Sefolosha,UTA,33,26,13,13,21.0,107.0,98.2,8.8,6.2,1.17,10.3,3.4,20.9,12.0,8.8,59.3,62.5,15.5,97.25,13.1
,Otto Porter Jr.,WAS,24,26,14,12,32.5,105.8,103.0,2.8,9.0,2.45,12.2,3.9,19.5,11.8,5.0,57.3,59.1,18.5,99.13,13.3
,Jodie Meeks,WAS,30,27,14,13,16.7,104.2,105.2,-1.0,5.7,1.14,7.4,1.5,7.8,4.5,6.5,44.7,52.4,19.2,99.16,7.7
,Bradley Beal,WAS,24,27,14,13,34.9,107.4,103.3,4.1,16.0,1.31,12.1,2.6,9.6,6.2,9.2,51.2,55.8,30.3,99.25,12.4
,Chris McCullough,WAS,22,6,4,2,7.6,111.4,111.8,-0.3,4.2,0.00,3.9,7.1,21.4,14.3,0.0,40.5,44.9,22.5,103.59,7.3
,Mike Scott,WAS,29,24,12,12,17.9,105.4,104.5,0.9,6.6,0.68,8.4,3.8,18.9,11.2,12.4,61.1,62.4,18.5,99.68,11.2
,Ian Mahinmi,WAS,31,26,14,12,15.0,109.2,105.4,3.8,5.8,0.53,11.8,14.5,15.6,15.1,22.2,47.9,56.2,13.4,97.73,3.7
,John Wall,WAS,27,16,9,7,34.4,110.6,103.3,7.3,40.8,3.06,29.4,1.3,9.3,5.4,9.6,47.1,53.2,27.8,101.30,13.9
,Markieff Morris,WAS,28,20,10,10,23.2,102.8,105.1,-2.3,7.6,0.72,9.6,4.6,14.8,9.7,13.3,50.9,53.0,21.4,96.62,6.6
,Tim Frazier,WAS,27,27,14,13,18.0,101.0,105.5,-4.5,30.1,2.66,41.6,2.1,13.5,7.6,15.6,47.9,51.4,13.2,96.86,8.6
,Marcin Gortat,WAS,33,27,14,13,28.5,106.1,105.3,0.8,10.8,1.45,18.2,8.6,24.5,16.5,12.6,52.8,55.6,15.0,98.80,10.9
,Tomas Satoransky,WAS,26,18,10,8,16.9,107.6,104.6,3.1,25.6,6.50,35.9,4.9,11.6,8.1,5.5,54.1,57.7,13.3,97.99,11.3
,Kelly Oubre Jr.,WAS,22,27,14,13,27.4,106.2,106.0,0.2,5.9,0.93,8.2,3.1,18.4,10.7,8.8,49.0,54.2,18.4,100.31,8.8
,Jason Smith,WAS,31,10,3,7,10.9,101.4,95.0,6.4,1.4,0.25,2.3,9.3,7.5,8.5,9.2,32.9,40.2,16.6,100.98,1.1
